participant,modality,stim_level,cue_mean,cue_std,cue_sk,n_trials,mean_rating
sub-01,pain,1,0.3,0.05,-1,3,61.44444444333334
sub-01,pain,1,0.3,0.05,0,3,70.0
sub-01,pain,1,0.3,0.05,1,3,51.222222223333326
sub-01,pain,1,0.3,0.125,-1,3,55.0
sub-01,pain,1,0.3,0.125,0,3,60.0
sub-01,pain,1,0.3,0.125,1,3,53.11111111333333
sub-01,pain,1,0.7,0.05,-1,3,55.666666666666664
sub-01,pain,1,0.7,0.05,0,3,65.0
sub-01,pain,1,0.7,0.05,1,3,60.55555555666666
sub-01,pain,1,0.7,0.125,-1,3,59.0
sub-01,pain,1,0.7,0.125,0,3,67.22222222333333
sub-01,pain,1,0.7,0.125,1,3,53.0
sub-01,pain,2,0.3,0.05,-1,3,76.44444444333334
sub-01,pain,2,0.3,0.05,0,3,72.88888888666668
sub-01,pain,2,0.3,0.05,1,3,66.22222222333333
sub-01,pain,2,0.3,0.125,-1,3,63.55555555666666
sub-01,pain,2,0.3,0.125,0,3,72.88888888999999
sub-01,pain,2,0.3,0.125,1,3,48.11111111
sub-01,pain,2,0.7,0.05,-1,2,79.0
sub-01,pain,2,0.7,0.05,0,3,73.88888888666666
sub-01,pain,2,0.7,0.05,1,3,78.22222222333333
sub-01,pain,2,0.7,0.125,-1,3,73.33333333333333
sub-01,pain,2,0.7,0.125,0,3,64.33333333333333
sub-01,pain,2,0.7,0.125,1,3,77.66666666666667
sub-01,vision,1,0.3,0.05,-1,2,82.5
sub-01,vision,1,0.3,0.05,0,3,47.88888889
sub-01,vision,1,0.3,0.05,1,3,67.0
sub-01,vision,1,0.3,0.125,-1,3,59.88888888666667
sub-01,vision,1,0.3,0.125,0,3,69.33333333333333
sub-01,vision,1,0.3,0.125,1,3,57.666666666666664
sub-01,vision,1,0.7,0.05,-1,3,48.88888889
sub-01,vision,1,0.7,0.05,0,3,64.66666666666667
sub-01,vision,1,0.7,0.05,1,3,52.11111111
sub-01,vision,1,0.7,0.125,-1,3,64.55555555666666
sub-01,vision,1,0.7,0.125,0,3,42.88888888666667
sub-01,vision,1,0.7,0.125,1,3,66.22222222333333
sub-01,vision,2,0.3,0.05,-1,3,68.55555555666666
sub-01,vision,2,0.3,0.05,0,2,76.66666667
sub-01,vision,2,0.3,0.05,1,3,74.66666667
sub-01,vision,2,0.3,0.125,-1,3,79.22222222333333
sub-01,vision,2,0.3,0.125,0,3,77.44444444333334
sub-01,vision,2,0.3,0.125,1,3,55.88888888666668
sub-01,vision,2,0.7,0.05,-1,3,70.66666666666667
sub-01,vision,2,0.7,0.05,0,3,86.55555555333335
sub-01,vision,2,0.7,0.05,1,3,78.0
sub-01,vision,2,0.7,0.125,-1,3,67.88888888666666
sub-01,vision,2,0.7,0.125,0,3,77.77777777666667
sub-01,vision,2,0.7,0.125,1,3,70.22222222333333
sub-02,pain,1,0.3,0.05,-1,1,27.66666667
sub-02,pain,1,0.3,0.05,1,3,23.555555556666665
sub-02,pain,1,0.3,0.125,-1,1,21.0
sub-02,pain,1,0.3,0.125,0,3,10.777777779
sub-02,pain,1,0.3,0.125,1,3,19.888888889
sub-02,pain,1,0.7,0.05,-1,2,27.5
sub-02,pain,1,0.7,0.05,0,1,0.333333333
sub-02,pain,1,0.7,0.05,1,3,14.666666666666666
sub-02,pain,1,0.7,0.125,-1,2,34.33333333
sub-02,pain,1,0.7,0.125,0,3,10.222222223333334
sub-02,pain,1,0.7,0.125,1,2,45.333333335
sub-02,pain,2,0.3,0.05,-1,1,59.0
sub-02,pain,2,0.3,0.05,0,1,55.0
sub-02,pain,2,0.3,0.05,1,3,52.0
sub-02,pain,2,0.3,0.125,-1,1,38.33333333
sub-02,pain,2,0.3,0.125,0,2,40.166666665
sub-02,pain,2,0.3,0.125,1,3,46.22222222
sub-02,pain,2,0.7,0.05,-1,2,72.83333333499999
sub-02,pain,2,0.7,0.05,0,1,61.66666667
sub-02,pain,2,0.7,0.05,1,3,42.88888889
sub-02,pain,2,0.7,0.125,-1,2,57.333333335
sub-02,pain,2,0.7,0.125,0,3,57.777777776666674
sub-02,pain,2,0.7,0.125,1,3,49.22222222
sub-02,vision,1,0.3,0.05,-1,3,66.44444444333334
sub-02,vision,1,0.3,0.05,0,3,52.0
sub-02,vision,1,0.3,0.05,1,3,56.55555555666666
sub-02,vision,1,0.3,0.125,-1,3,36.88888889
sub-02,vision,1,0.3,0.125,0,3,67.77777777666667
sub-02,vision,1,0.3,0.125,1,3,40.77777778
sub-02,vision,1,0.7,0.05,-1,2,51.333333335
sub-02,vision,1,0.7,0.05,0,3,60.666666670000005
sub-02,vision,1,0.7,0.05,1,2,57.833333335
sub-02,vision,1,0.7,0.125,-1,3,55.999999996666666
sub-02,vision,1,0.7,0.125,0,3,66.77777777666667
sub-02,vision,1,0.7,0.125,1,3,73.33333333666667
sub-02,vision,2,0.3,0.05,-1,3,63.11111111
sub-02,vision,2,0.3,0.05,0,3,63.666666666666664
sub-02,vision,2,0.3,0.05,1,3,91.11111111333332
sub-02,vision,2,0.3,0.125,-1,3,63.222222223333326
sub-02,vision,2,0.3,0.125,0,3,81.55555555666666
sub-02,vision,2,0.3,0.125,1,3,69.44444444333334
sub-02,vision,2,0.7,0.05,-1,3,79.33333333333333
sub-02,vision,2,0.7,0.05,0,3,75.44444444666665
sub-02,vision,2,0.7,0.05,1,3,87.33333333333333
sub-02,vision,2,0.7,0.125,-1,2,83.5
sub-02,vision,2,0.7,0.125,0,3,95.88888888999999
sub-02,vision,2,0.7,0.125,1,3,94.77777778
sub-03,pain,1,0.3,0.05,-1,2,36.0
sub-03,pain,1,0.3,0.05,0,2,55.0
sub-03,pain,1,0.3,0.05,1,1,67.33333333
sub-03,pain,1,0.3,0.125,-1,1,52.0
sub-03,pain,1,0.3,0.125,0,3,49.11111111
sub-03,pain,1,0.3,0.125,1,2,49.333333335
sub-03,pain,1,0.7,0.05,-1,1,54.66666667
sub-03,pain,1,0.7,0.05,0,1,38.66666667
sub-03,pain,1,0.7,0.05,1,3,45.88888889
sub-03,pain,1,0.7,0.125,-1,2,63.166666665
sub-03,pain,1,0.7,0.125,0,1,51.33333333
sub-03,pain,1,0.7,0.125,1,2,62.666666665
sub-03,pain,2,0.3,0.05,-1,2,56.166666665
sub-03,pain,2,0.3,0.05,0,2,62.166666665
sub-03,pain,2,0.3,0.05,1,2,74.33333333
sub-03,pain,2,0.3,0.125,-1,2,33.333333335
sub-03,pain,2,0.3,0.125,0,1,45.33333333
sub-03,pain,2,0.3,0.125,1,2,58.0
sub-03,pain,2,0.7,0.05,-1,2,76.16666666500001
sub-03,pain,2,0.7,0.05,0,2,59.0
sub-03,pain,2,0.7,0.05,1,1,46.0
sub-03,pain,2,0.7,0.125,-1,1,70.0
sub-03,pain,2,0.7,0.125,0,2,47.833333335
sub-03,pain,2,0.7,0.125,1,3,58.999999996666666
sub-03,vision,1,0.3,0.05,-1,2,48.83333333
sub-03,vision,1,0.3,0.05,0,2,43.166666665
sub-03,vision,1,0.3,0.05,1,2,48.833333335
sub-03,vision,1,0.3,0.125,-1,2,44.666666665
sub-03,vision,1,0.3,0.125,0,2,44.0
sub-03,vision,1,0.7,0.05,-1,3,47.666666666666664
sub-03,vision,1,0.7,0.05,0,3,49.11111111
sub-03,vision,1,0.7,0.05,1,2,56.666666665
sub-03,vision,1,0.7,0.125,-1,3,42.22222222333333
sub-03,vision,1,0.7,0.125,0,3,49.666666670000005
sub-03,vision,2,0.3,0.05,-1,3,47.11111111
sub-03,vision,2,0.3,0.05,0,2,49.16666667
sub-03,vision,2,0.3,0.05,1,3,51.222222223333326
sub-03,vision,2,0.3,0.125,-1,3,54.666666666666664
sub-03,vision,2,0.3,0.125,0,3,51.0
sub-03,vision,2,0.3,0.125,1,3,59.444444446666665
sub-03,vision,2,0.7,0.05,-1,2,53.83333333
sub-03,vision,2,0.7,0.05,0,3,50.77777778
sub-03,vision,2,0.7,0.05,1,2,57.666666665
sub-03,vision,2,0.7,0.125,-1,3,53.0
sub-03,vision,2,0.7,0.125,0,3,64.22222222333333
sub-03,vision,2,0.7,0.125,1,2,65.83333333499999
sub-04,pain,1,0.3,0.05,-1,1,17.33333333
sub-04,pain,1,0.3,0.05,0,1,27.33333333
sub-04,pain,1,0.3,0.05,1,3,27.777777776666667
sub-04,pain,1,0.3,0.125,-1,1,40.66666667
sub-04,pain,1,0.3,0.125,0,3,40.333333333333336
sub-04,pain,1,0.3,0.125,1,3,30.777777779999997
sub-04,pain,1,0.7,0.05,-1,1,40.33333333
sub-04,pain,1,0.7,0.05,0,1,22.66666667
sub-04,pain,1,0.7,0.05,1,3,45.0
sub-04,pain,1,0.7,0.125,-1,1,45.0
sub-04,pain,1,0.7,0.125,0,3,48.0
sub-04,pain,1,0.7,0.125,1,3,44.88888888666667
sub-04,pain,2,0.3,0.05,-1,1,36.33333333
sub-04,pain,2,0.3,0.05,0,1,43.0
sub-04,pain,2,0.3,0.05,1,3,50.444444446666665
sub-04,pain,2,0.3,0.125,-1,1,46.66666667
sub-04,pain,2,0.3,0.125,0,3,46.11111111
sub-04,pain,2,0.3,0.125,1,3,40.77777777666667
sub-04,pain,2,0.7,0.05,-1,1,65.66666667
sub-04,pain,2,0.7,0.05,0,1,65.33333333
sub-04,pain,2,0.7,0.05,1,3,74.88888888999999
sub-04,pain,2,0.7,0.125,-1,1,77.33333333
sub-04,pain,2,0.7,0.125,0,3,55.22222222333334
sub-04,pain,2,0.7,0.125,1,3,70.0
sub-04,vision,1,0.3,0.05,-1,1,33.0
sub-04,vision,1,0.3,0.05,0,1,36.66666667
sub-04,vision,1,0.3,0.05,1,3,46.444444446666665
sub-04,vision,1,0.3,0.125,-1,1,46.33333333
sub-04,vision,1,0.3,0.125,0,3,46.11111111
sub-04,vision,1,0.3,0.125,1,3,46.777777776666674
sub-04,vision,1,0.7,0.05,-1,1,76.0
sub-04,vision,1,0.7,0.05,0,1,59.0
sub-04,vision,1,0.7,0.05,1,3,51.77777778
sub-04,vision,1,0.7,0.125,-1,1,65.66666667
sub-04,vision,1,0.7,0.125,0,3,54.66666666333333
sub-04,vision,1,0.7,0.125,1,3,48.88888889
sub-04,vision,2,0.3,0.05,-1,1,76.66666667
sub-04,vision,2,0.3,0.05,0,1,41.66666667
sub-04,vision,2,0.3,0.05,1,3,65.44444444333334
sub-04,vision,2,0.3,0.125,-1,1,64.33333333
sub-04,vision,2,0.3,0.125,0,3,62.333333329999995
sub-04,vision,2,0.3,0.125,1,3,68.55555555333335
sub-04,vision,2,0.7,0.05,-1,1,78.33333333
sub-04,vision,2,0.7,0.05,0,1,75.33333333
sub-04,vision,2,0.7,0.05,1,3,66.88888888999999
sub-04,vision,2,0.7,0.125,-1,1,69.33333333
sub-04,vision,2,0.7,0.125,0,3,66.44444444333334
sub-04,vision,2,0.7,0.125,1,3,70.33333333333333
sub-05,pain,1,0.3,0.05,-1,3,24.777777776666667
sub-05,pain,1,0.3,0.05,0,3,30.555555556666665
sub-05,pain,1,0.3,0.05,1,3,37.11111111
sub-05,pain,1,0.3,0.125,-1,3,40.555555553333335
sub-05,pain,1,0.3,0.125,0,3,43.333333333333336
sub-05,pain,1,0.3,0.125,1,3,44.666666666666664
sub-05,pain,1,0.7,0.05,-1,3,41.11111111
sub-05,pain,1,0.7,0.05,0,3,62.66666666333333
sub-05,pain,1,0.7,0.05,1,3,48.55555555666666
sub-05,pain,1,0.7,0.125,-1,3,57.11111111
sub-05,pain,1,0.7,0.125,0,3,63.666666666666664
sub-05,pain,1,0.7,0.125,1,3,58.44444444333334
sub-05,pain,2,0.3,0.05,-1,3,44.77777778
sub-05,pain,2,0.3,0.05,0,3,56.44444444333334
sub-05,pain,2,0.3,0.05,1,3,44.33333333666667
sub-05,pain,2,0.3,0.125,-1,3,61.0
sub-05,pain,2,0.3,0.125,0,3,77.22222222333333
sub-05,pain,2,0.3,0.125,1,3,79.66666666666667
sub-05,pain,2,0.7,0.05,-1,3,72.22222222333333
sub-05,pain,2,0.7,0.05,0,3,74.77777777666667
sub-05,pain,2,0.7,0.05,1,3,73.44444444333334
sub-05,pain,2,0.7,0.125,-1,3,73.55555555666666
sub-05,pain,2,0.7,0.125,0,3,68.77777777666667
sub-05,pain,2,0.7,0.125,1,3,76.55555555666666
sub-05,vision,1,0.3,0.05,-1,3,33.22222222333333
sub-05,vision,1,0.3,0.05,0,3,41.22222222333333
sub-05,vision,1,0.3,0.05,1,3,37.333333333333336
sub-05,vision,1,0.3,0.125,-1,3,37.11111111
sub-05,vision,1,0.3,0.125,0,3,44.44444444333334
sub-05,vision,1,0.3,0.125,1,3,40.77777778
sub-05,vision,1,0.7,0.05,-1,3,60.333333333333336
sub-05,vision,1,0.7,0.05,0,3,60.66666666333333
sub-05,vision,1,0.7,0.05,1,3,60.11111111
sub-05,vision,1,0.7,0.125,-1,3,56.333333329999995
sub-05,vision,1,0.7,0.125,0,3,51.555555553333335
sub-05,vision,1,0.7,0.125,1,3,63.0
sub-05,vision,2,0.3,0.05,-1,3,64.55555555666666
sub-05,vision,2,0.3,0.05,0,3,64.55555555333333
sub-05,vision,2,0.3,0.05,1,3,58.444444446666665
sub-05,vision,2,0.3,0.125,-1,3,61.333333333333336
sub-05,vision,2,0.3,0.125,0,3,57.11111111
sub-05,vision,2,0.3,0.125,1,3,73.33333333333333
sub-05,vision,2,0.7,0.05,-1,3,69.55555555666666
sub-05,vision,2,0.7,0.05,0,3,69.55555555333335
sub-05,vision,2,0.7,0.05,1,3,74.77777777666667
sub-05,vision,2,0.7,0.125,-1,3,79.33333333666667
sub-05,vision,2,0.7,0.125,0,3,81.22222222333333
sub-05,vision,2,0.7,0.125,1,3,75.0
sub-06,pain,1,0.3,0.05,-1,1,9.333333333
sub-06,pain,1,0.3,0.05,1,1,26.33333333
sub-06,pain,1,0.3,0.125,-1,1,47.0
sub-06,pain,1,0.3,0.125,1,1,28.33333333
sub-06,pain,1,0.7,0.05,0,1,60.66666667
sub-06,pain,1,0.7,0.05,1,1,43.66666667
sub-06,pain,1,0.7,0.125,0,1,59.0
sub-06,pain,1,0.7,0.125,1,1,59.33333333
sub-06,pain,2,0.3,0.05,-1,1,83.66666667
sub-06,pain,2,0.3,0.05,0,1,66.0
sub-06,pain,2,0.3,0.05,1,1,66.66666667
sub-06,pain,2,0.3,0.125,-1,1,48.66666667
sub-06,pain,2,0.7,0.05,-1,1,89.33333333
sub-06,pain,2,0.7,0.125,-1,1,79.33333333
sub-06,pain,2,0.7,0.125,0,1,77.0
sub-06,pain,2,0.7,0.125,1,1,100.0
sub-06,vision,1,0.3,0.05,0,1,38.66666667
sub-06,vision,1,0.3,0.05,1,1,23.0
sub-06,vision,1,0.3,0.125,-1,1,56.0
sub-06,vision,1,0.7,0.05,0,1,54.33333333
sub-06,vision,1,0.7,0.05,1,1,53.0
sub-06,vision,1,0.7,0.125,1,1,61.33333333
sub-06,vision,2,0.3,0.05,-1,1,33.0
sub-06,vision,2,0.3,0.05,0,1,47.33333333
sub-06,vision,2,0.3,0.05,1,1,27.66666667
sub-06,vision,2,0.3,0.125,0,1,62.0
sub-06,vision,2,0.3,0.125,1,1,78.0
sub-06,vision,2,0.7,0.05,0,1,61.33333333
sub-06,vision,2,0.7,0.05,1,1,53.0
sub-06,vision,2,0.7,0.125,-1,1,75.66666667
sub-06,vision,2,0.7,0.125,0,1,62.33333333
sub-08,pain,1,0.3,0.05,-1,3,44.88888889
sub-08,pain,1,0.3,0.05,0,3,38.11111111
sub-08,pain,1,0.3,0.05,1,3,32.22222222
sub-08,pain,1,0.3,0.125,-1,3,41.0
sub-08,pain,1,0.3,0.125,0,3,48.444444446666665
sub-08,pain,1,0.3,0.125,1,3,43.0
sub-08,pain,1,0.7,0.05,-1,3,44.66666666333333
sub-08,pain,1,0.7,0.05,0,3,50.88888888666667
sub-08,pain,1,0.7,0.05,1,3,48.0
sub-08,pain,1,0.7,0.125,-1,3,52.88888888666667
sub-08,pain,1,0.7,0.125,0,3,42.333333333333336
sub-08,pain,1,0.7,0.125,1,3,45.666666666666664
sub-08,pain,2,0.3,0.05,-1,3,55.333333333333336
sub-08,pain,2,0.3,0.05,0,3,58.222222223333326
sub-08,pain,2,0.3,0.05,1,3,42.0
sub-08,pain,2,0.3,0.125,-1,3,53.11111111
sub-08,pain,2,0.3,0.125,0,3,56.666666666666664
sub-08,pain,2,0.3,0.125,1,3,42.11111111
sub-08,pain,2,0.7,0.05,-1,3,63.11111111333333
sub-08,pain,2,0.7,0.05,0,3,56.55555555666666
sub-08,pain,2,0.7,0.05,1,3,60.777777776666674
sub-08,pain,2,0.7,0.125,-1,3,53.66666666333333
sub-08,pain,2,0.7,0.125,0,3,57.666666666666664
sub-08,pain,2,0.7,0.125,1,3,50.777777776666674
sub-08,vision,1,0.3,0.05,-1,3,40.22222222333333
sub-08,vision,1,0.3,0.05,0,3,49.88888889
sub-08,vision,1,0.3,0.05,1,3,48.88888889
sub-08,vision,1,0.3,0.125,-1,3,45.33333333666667
sub-08,vision,1,0.3,0.125,0,3,45.333333333333336
sub-08,vision,1,0.3,0.125,1,3,46.333333333333336
sub-08,vision,1,0.7,0.05,-1,3,48.666666666666664
sub-08,vision,1,0.7,0.05,0,3,50.666666666666664
sub-08,vision,1,0.7,0.05,1,3,49.444444446666665
sub-08,vision,1,0.7,0.125,-1,3,47.88888889
sub-08,vision,1,0.7,0.125,0,3,49.333333333333336
sub-08,vision,1,0.7,0.125,1,2,49.833333335
sub-08,vision,2,0.3,0.05,-1,3,44.11111111333333
sub-08,vision,2,0.3,0.05,0,3,49.444444446666665
sub-08,vision,2,0.3,0.05,1,3,49.222222223333326
sub-08,vision,2,0.3,0.125,-1,3,58.22222222
sub-08,vision,2,0.3,0.125,0,3,52.0
sub-08,vision,2,0.3,0.125,1,2,54.333333335
sub-08,vision,2,0.7,0.05,-1,3,57.44444444333334
sub-08,vision,2,0.7,0.05,0,3,58.333333329999995
sub-08,vision,2,0.7,0.05,1,3,63.222222223333326
sub-08,vision,2,0.7,0.125,-1,3,58.555555553333335
sub-08,vision,2,0.7,0.125,0,3,49.55555555666666
sub-08,vision,2,0.7,0.125,1,3,55.77777778
sub-09,pain,1,0.3,0.05,-1,3,33.77777777666667
sub-09,pain,1,0.3,0.05,0,3,30.555555553333335
sub-09,pain,1,0.3,0.05,1,3,43.222222223333326
sub-09,pain,1,0.3,0.125,-1,3,28.11111111
sub-09,pain,1,0.3,0.125,0,3,35.0
sub-09,pain,1,0.3,0.125,1,3,30.0
sub-09,pain,1,0.7,0.05,-1,3,39.44444444333333
sub-09,pain,1,0.7,0.05,0,3,33.666666666666664
sub-09,pain,1,0.7,0.05,1,3,51.88888888666667
sub-09,pain,1,0.7,0.125,-1,3,41.66666666333334
sub-09,pain,1,0.7,0.125,0,3,41.0
sub-09,pain,1,0.7,0.125,1,3,43.0
sub-09,pain,2,0.3,0.05,-1,3,28.222222223333333
sub-09,pain,2,0.3,0.05,0,3,43.55555555666666
sub-09,pain,2,0.3,0.05,1,3,33.11111111
sub-09,pain,2,0.3,0.125,-1,3,48.777777776666674
sub-09,pain,2,0.3,0.125,0,3,43.77777778
sub-09,pain,2,0.3,0.125,1,3,49.77777778
sub-09,pain,2,0.7,0.05,-1,3,55.88888889
sub-09,pain,2,0.7,0.05,0,3,62.55555555666666
sub-09,pain,2,0.7,0.05,1,3,68.88888888666666
sub-09,pain,2,0.7,0.125,-1,3,59.666666666666664
sub-09,pain,2,0.7,0.125,0,3,61.222222223333326
sub-09,pain,2,0.7,0.125,1,3,63.0
sub-09,vision,1,0.3,0.05,-1,3,49.666666666666664
sub-09,vision,1,0.3,0.05,0,3,44.777777776666674
sub-09,vision,1,0.3,0.05,1,3,54.666666666666664
sub-09,vision,1,0.3,0.125,-1,3,47.77777778
sub-09,vision,1,0.3,0.125,0,3,50.222222223333326
sub-09,vision,1,0.3,0.125,1,3,50.11111111
sub-09,vision,1,0.7,0.05,-1,3,67.11111111333334
sub-09,vision,1,0.7,0.05,0,3,73.11111111333332
sub-09,vision,1,0.7,0.05,1,3,63.666666666666664
sub-09,vision,1,0.7,0.125,-1,3,54.222222223333326
sub-09,vision,1,0.7,0.125,0,3,51.333333333333336
sub-09,vision,1,0.7,0.125,1,3,56.55555555666666
sub-09,vision,2,0.3,0.05,-1,3,60.333333333333336
sub-09,vision,2,0.3,0.05,0,3,59.77777778
sub-09,vision,2,0.3,0.05,1,3,64.11111111333332
sub-09,vision,2,0.3,0.125,-1,3,62.777777776666674
sub-09,vision,2,0.3,0.125,0,3,68.66666666333333
sub-09,vision,2,0.3,0.125,1,3,59.22222222000001
sub-09,vision,2,0.7,0.05,-1,3,79.11111111333332
sub-09,vision,2,0.7,0.05,0,3,78.33333333
sub-09,vision,2,0.7,0.05,1,3,79.44444444666665
sub-09,vision,2,0.7,0.125,-1,3,82.11111111000001
sub-09,vision,2,0.7,0.125,0,3,81.88888888999999
sub-09,vision,2,0.7,0.125,1,3,77.33333333666667
sub-10,pain,1,0.3,0.05,-1,3,32.666666666666664
sub-10,pain,1,0.3,0.05,0,3,32.77777777666667
sub-10,pain,1,0.3,0.05,1,3,42.44444444333333
sub-10,pain,1,0.3,0.125,-1,3,26.555555556666665
sub-10,pain,1,0.3,0.125,0,3,72.44444444333334
sub-10,pain,1,0.3,0.125,1,3,31.0
sub-10,pain,1,0.7,0.05,-1,3,68.0
sub-10,pain,1,0.7,0.05,0,3,58.11111111
sub-10,pain,1,0.7,0.05,1,3,53.11111111
sub-10,pain,1,0.7,0.125,-1,2,60.33333333
sub-10,pain,1,0.7,0.125,0,3,70.22222222333333
sub-10,pain,1,0.7,0.125,1,3,63.77777777999999
sub-10,pain,2,0.3,0.05,-1,3,39.999999996666666
sub-10,pain,2,0.3,0.05,0,3,54.333333333333336
sub-10,pain,2,0.3,0.05,1,3,49.777777776666674
sub-10,pain,2,0.3,0.125,-1,3,41.666666666666664
sub-10,pain,2,0.3,0.125,0,3,66.77777777666667
sub-10,pain,2,0.3,0.125,1,3,54.333333333333336
sub-10,pain,2,0.7,0.05,-1,3,59.88888889
sub-10,pain,2,0.7,0.05,0,3,84.0
sub-10,pain,2,0.7,0.05,1,2,75.66666666500001
sub-10,pain,2,0.7,0.125,-1,3,69.33333333333333
sub-10,pain,2,0.7,0.125,0,3,82.22222222333333
sub-10,pain,2,0.7,0.125,1,2,82.66666666500001
sub-10,vision,1,0.3,0.05,-1,3,39.0
sub-10,vision,1,0.3,0.05,0,3,36.22222222333333
sub-10,vision,1,0.3,0.05,1,3,47.55555555666666
sub-10,vision,1,0.3,0.125,-1,2,41.666666665
sub-10,vision,1,0.3,0.125,0,3,32.555555553333335
sub-10,vision,1,0.3,0.125,1,2,29.166666665
sub-10,vision,1,0.7,0.05,-1,3,64.66666666666667
sub-10,vision,1,0.7,0.05,0,3,58.22222222
sub-10,vision,1,0.7,0.05,1,3,45.88888888666667
sub-10,vision,1,0.7,0.125,-1,3,60.0
sub-10,vision,1,0.7,0.125,0,3,56.88888889
sub-10,vision,1,0.7,0.125,1,3,62.666666670000005
sub-10,vision,2,0.3,0.05,-1,3,60.333333333333336
sub-10,vision,2,0.3,0.05,0,3,55.444444446666665
sub-10,vision,2,0.3,0.05,1,3,49.333333333333336
sub-10,vision,2,0.3,0.125,-1,3,73.55555555666666
sub-10,vision,2,0.3,0.125,0,2,64.0
sub-10,vision,2,0.3,0.125,1,2,48.16666667
sub-10,vision,2,0.7,0.05,-1,2,71.0
sub-10,vision,2,0.7,0.05,0,3,62.333333333333336
sub-10,vision,2,0.7,0.05,1,3,73.33333333333333
sub-10,vision,2,0.7,0.125,-1,3,77.33333333333333
sub-10,vision,2,0.7,0.125,0,3,77.0
sub-10,vision,2,0.7,0.125,1,3,77.44444444333334
sub-11,pain,1,0.3,0.05,-1,3,29.0
sub-11,pain,1,0.3,0.05,0,3,26.333333330000002
sub-11,pain,1,0.3,0.05,1,3,23.222222223333333
sub-11,pain,1,0.3,0.125,-1,3,36.11111111
sub-11,pain,1,0.3,0.125,0,3,21.99999999666667
sub-11,pain,1,0.3,0.125,1,3,38.444444442333335
sub-11,pain,1,0.7,0.05,-1,3,37.333333333333336
sub-11,pain,1,0.7,0.05,0,3,41.77777778
sub-11,pain,1,0.7,0.05,1,3,17.333333332333336
sub-11,pain,1,0.7,0.125,-1,3,34.00000000233333
sub-11,pain,1,0.7,0.125,0,3,31.222222220000003
sub-11,pain,1,0.7,0.125,1,3,25.555555556666665
sub-11,pain,2,0.3,0.05,-1,3,52.44444444333334
sub-11,pain,2,0.3,0.05,0,3,70.66666666333333
sub-11,pain,2,0.3,0.05,1,3,65.22222222
sub-11,pain,2,0.3,0.125,-1,3,68.55555555333335
sub-11,pain,2,0.3,0.125,0,3,59.88888889
sub-11,pain,2,0.3,0.125,1,3,57.222222224333336
sub-11,pain,2,0.7,0.05,-1,3,43.222222223333326
sub-11,pain,2,0.7,0.05,0,3,52.88888888666667
sub-11,pain,2,0.7,0.05,1,3,48.000000003333334
sub-11,pain,2,0.7,0.125,-1,3,61.444444446666665
sub-11,pain,2,0.7,0.125,0,3,60.88888888666667
sub-11,pain,2,0.7,0.125,1,3,46.11111111100001
sub-11,vision,1,0.3,0.05,-1,3,38.0
sub-11,vision,1,0.3,0.05,0,3,50.88888889
sub-11,vision,1,0.3,0.05,1,3,41.444444446666665
sub-11,vision,1,0.3,0.125,-1,3,30.666666666666668
sub-11,vision,1,0.3,0.125,0,3,43.11111111333333
sub-11,vision,1,0.3,0.125,1,3,54.222222223333326
sub-11,vision,1,0.7,0.05,-1,3,52.55555555666666
sub-11,vision,1,0.7,0.05,0,3,45.000000003333334
sub-11,vision,1,0.7,0.05,1,3,40.77777778
sub-11,vision,1,0.7,0.125,-1,3,48.222222223333326
sub-11,vision,1,0.7,0.125,0,3,59.33333333666667
sub-11,vision,1,0.7,0.125,1,3,47.333333333333336
sub-11,vision,2,0.3,0.05,-1,3,53.77777778
sub-11,vision,2,0.3,0.05,0,3,63.88888889
sub-11,vision,2,0.3,0.05,1,3,64.66666666666667
sub-11,vision,2,0.3,0.125,-1,3,61.777777776666674
sub-11,vision,2,0.3,0.125,0,3,59.55555555666666
sub-11,vision,2,0.3,0.125,1,3,56.222222223333326
sub-11,vision,2,0.7,0.05,-1,3,55.77777778
sub-11,vision,2,0.7,0.05,0,3,57.55555555666666
sub-11,vision,2,0.7,0.05,1,3,69.44444444333334
sub-11,vision,2,0.7,0.125,-1,3,67.22222222333333
sub-11,vision,2,0.7,0.125,0,3,70.22222222333333
sub-11,vision,2,0.7,0.125,1,3,72.55555555666666
sub-12,pain,1,0.3,0.05,-1,3,27.333333333333332
sub-12,pain,1,0.3,0.05,0,3,25.33333333
sub-12,pain,1,0.3,0.05,1,3,27.0
sub-12,pain,1,0.3,0.125,-1,3,25.222222223333333
sub-12,pain,1,0.3,0.125,0,3,22.111111113333333
sub-12,pain,1,0.3,0.125,1,3,39.0
sub-12,pain,1,0.7,0.05,-1,3,40.666666666666664
sub-12,pain,1,0.7,0.05,0,3,51.999999996666666
sub-12,pain,1,0.7,0.05,1,3,41.333333333333336
sub-12,pain,1,0.7,0.125,-1,3,45.0
sub-12,pain,1,0.7,0.125,0,3,56.444444446666665
sub-12,pain,1,0.7,0.125,1,3,31.555555556666665
sub-12,pain,2,0.3,0.05,-1,3,40.33333333
sub-12,pain,2,0.3,0.05,0,3,27.33333333666667
sub-12,pain,2,0.3,0.05,1,3,27.555555556666665
sub-12,pain,2,0.3,0.125,-1,3,46.22222222
sub-12,pain,2,0.3,0.125,0,3,30.555555556666665
sub-12,pain,2,0.3,0.125,1,3,29.88888889
sub-12,pain,2,0.7,0.05,-1,3,45.88888889
sub-12,pain,2,0.7,0.05,0,3,52.55555555666666
sub-12,pain,2,0.7,0.05,1,3,71.22222222
sub-12,pain,2,0.7,0.125,-1,3,54.11111111333333
sub-12,pain,2,0.7,0.125,0,3,56.55555555666666
sub-12,pain,2,0.7,0.125,1,3,39.55555555666667
sub-12,vision,1,0.3,0.05,-1,3,47.333333333333336
sub-12,vision,1,0.3,0.05,0,3,39.11111111
sub-12,vision,1,0.3,0.05,1,3,48.666666666666664
sub-12,vision,1,0.3,0.125,-1,3,40.666666666666664
sub-12,vision,1,0.3,0.125,0,3,47.55555555666666
sub-12,vision,1,0.3,0.125,1,3,46.55555555666666
sub-12,vision,1,0.7,0.05,-1,2,49.833333335
sub-12,vision,1,0.7,0.05,0,3,55.333333333333336
sub-12,vision,1,0.7,0.05,1,3,47.44444444333334
sub-12,vision,1,0.7,0.125,-1,3,52.88888888666667
sub-12,vision,1,0.7,0.125,0,3,53.22222222
sub-12,vision,1,0.7,0.125,1,3,54.0
sub-12,vision,2,0.3,0.05,-1,3,52.222222223333326
sub-12,vision,2,0.3,0.05,0,3,50.333333329999995
sub-12,vision,2,0.3,0.05,1,3,51.11111111333333
sub-12,vision,2,0.3,0.125,-1,3,48.22222222
sub-12,vision,2,0.3,0.125,0,3,52.333333333333336
sub-12,vision,2,0.3,0.125,1,3,47.88888889
sub-12,vision,2,0.7,0.05,-1,3,57.11111111
sub-12,vision,2,0.7,0.05,0,3,58.000000003333334
sub-12,vision,2,0.7,0.05,1,3,62.0
sub-12,vision,2,0.7,0.125,-1,3,57.444444446666665
sub-12,vision,2,0.7,0.125,0,3,60.222222223333326
sub-12,vision,2,0.7,0.125,1,3,58.0
sub-13,pain,1,0.3,0.05,-1,3,45.11111111
sub-13,pain,1,0.3,0.05,0,3,35.999999996666666
sub-13,pain,1,0.3,0.05,1,3,77.55555555333335
sub-13,pain,1,0.3,0.125,-1,3,50.0
sub-13,pain,1,0.3,0.125,0,3,73.22222222333333
sub-13,pain,1,0.3,0.125,1,3,56.11111111
sub-13,pain,1,0.7,0.05,-1,3,72.88888888999999
sub-13,pain,1,0.7,0.05,0,3,56.55555555666667
sub-13,pain,1,0.7,0.05,1,3,77.77777778
sub-13,pain,1,0.7,0.125,-1,3,53.777777776666674
sub-13,pain,1,0.7,0.125,0,3,82.44444444333334
sub-13,pain,1,0.7,0.125,1,3,71.66666667
sub-13,pain,2,0.3,0.05,-1,3,57.11111111
sub-13,pain,2,0.3,0.05,0,3,59.11111111
sub-13,pain,2,0.3,0.05,1,3,69.88888888999999
sub-13,pain,2,0.3,0.125,-1,3,56.77777778
sub-13,pain,2,0.3,0.125,0,3,78.44444444333334
sub-13,pain,2,0.3,0.125,1,3,81.33333333333333
sub-13,pain,2,0.7,0.05,-1,3,73.44444444666665
sub-13,pain,2,0.7,0.05,0,3,82.0
sub-13,pain,2,0.7,0.05,1,3,90.33333333333333
sub-13,pain,2,0.7,0.125,-1,3,60.111111109999996
sub-13,pain,2,0.7,0.125,0,3,83.77777777666667
sub-13,pain,2,0.7,0.125,1,3,93.88888888666668
sub-13,vision,1,0.3,0.05,-1,3,60.33333333666667
sub-13,vision,1,0.3,0.05,0,3,55.77777778
sub-13,vision,1,0.3,0.05,1,3,59.77777778
sub-13,vision,1,0.3,0.125,-1,3,65.77777778
sub-13,vision,1,0.3,0.125,0,3,57.777777776666674
sub-13,vision,1,0.3,0.125,1,3,50.11111111333333
sub-13,vision,1,0.7,0.05,-1,3,64.00000000333334
sub-13,vision,1,0.7,0.05,0,3,78.22222222333333
sub-13,vision,1,0.7,0.05,1,3,77.55555555666666
sub-13,vision,1,0.7,0.125,-1,3,65.33333333333333
sub-13,vision,1,0.7,0.125,0,3,72.22222222333333
sub-13,vision,1,0.7,0.125,1,3,71.33333333333333
sub-13,vision,2,0.3,0.05,-1,3,78.22222222333333
sub-13,vision,2,0.3,0.05,0,3,72.44444444333334
sub-13,vision,2,0.3,0.05,1,3,85.22222222
sub-13,vision,2,0.3,0.125,-1,3,76.44444444333334
sub-13,vision,2,0.3,0.125,0,3,83.88888888999999
sub-13,vision,2,0.3,0.125,1,3,83.77777777666667
sub-13,vision,2,0.7,0.05,-1,3,81.11111111333332
sub-13,vision,2,0.7,0.05,0,3,85.88888888999999
sub-13,vision,2,0.7,0.05,1,3,85.44444444333334
sub-13,vision,2,0.7,0.125,-1,3,84.0
sub-13,vision,2,0.7,0.125,0,3,86.44444444333334
sub-13,vision,2,0.7,0.125,1,3,86.44444444333334
sub-14,pain,1,0.3,0.05,-1,3,70.66666666666667
sub-14,pain,1,0.3,0.05,0,3,55.55555555666666
sub-14,pain,1,0.3,0.05,1,3,75.33333333
sub-14,pain,1,0.3,0.125,-1,3,85.0
sub-14,pain,1,0.3,0.125,0,3,60.666666666666664
sub-14,pain,1,0.3,0.125,1,3,64.44444444333334
sub-14,pain,1,0.7,0.05,-1,3,70.44444444333334
sub-14,pain,1,0.7,0.05,0,3,57.444444446666665
sub-14,pain,1,0.7,0.05,1,3,58.55555555666666
sub-14,pain,1,0.7,0.125,-1,3,60.55555555666666
sub-14,pain,1,0.7,0.125,0,3,50.888888890000004
sub-14,pain,1,0.7,0.125,1,3,89.44444444333334
sub-14,pain,2,0.3,0.05,-1,3,84.11111111333332
sub-14,pain,2,0.3,0.05,0,3,84.33333333333333
sub-14,pain,2,0.3,0.05,1,3,69.22222222333333
sub-14,pain,2,0.3,0.125,-1,3,76.77777777666667
sub-14,pain,2,0.3,0.125,0,3,85.88888888999999
sub-14,pain,2,0.3,0.125,1,3,80.88888888666668
sub-14,pain,2,0.7,0.05,-1,3,85.88888888666668
sub-14,pain,2,0.7,0.05,0,3,73.88888888999999
sub-14,pain,2,0.7,0.05,1,3,78.66666666666667
sub-14,pain,2,0.7,0.125,-1,3,89.44444444333334
sub-14,pain,2,0.7,0.125,0,2,59.0
sub-14,pain,2,0.7,0.125,1,3,87.33333333333333
sub-14,vision,1,0.3,0.05,-1,3,64.55555555666666
sub-14,vision,1,0.3,0.05,0,3,43.777777776666674
sub-14,vision,1,0.3,0.05,1,3,52.33333333666667
sub-14,vision,1,0.3,0.125,-1,3,40.0
sub-14,vision,1,0.3,0.125,0,3,69.11111111000001
sub-14,vision,1,0.3,0.125,1,3,50.444444446666665
sub-14,vision,1,0.7,0.05,-1,3,48.88888889
sub-14,vision,1,0.7,0.05,0,3,39.88888888666667
sub-14,vision,1,0.7,0.05,1,3,64.11111111000001
sub-14,vision,1,0.7,0.125,-1,3,57.88888889
sub-14,vision,1,0.7,0.125,0,3,60.88888889
sub-14,vision,1,0.7,0.125,1,3,55.11111111
sub-14,vision,2,0.3,0.05,-1,3,79.0
sub-14,vision,2,0.3,0.05,0,3,51.222222223333326
sub-14,vision,2,0.3,0.05,1,3,86.44444444333334
sub-14,vision,2,0.3,0.125,-1,3,80.11111111000001
sub-14,vision,2,0.3,0.125,0,3,75.11111111000001
sub-14,vision,2,0.3,0.125,1,3,54.77777778
sub-14,vision,2,0.7,0.05,-1,3,63.44444444333334
sub-14,vision,2,0.7,0.05,0,3,71.66666666333333
sub-14,vision,2,0.7,0.05,1,3,74.11111111000001
sub-14,vision,2,0.7,0.125,-1,3,70.22222222
sub-14,vision,2,0.7,0.125,0,3,76.11111111000001
sub-14,vision,2,0.7,0.125,1,3,82.44444444333334
sub-15,pain,1,0.3,0.05,-1,3,33.44444444333333
sub-15,pain,1,0.3,0.05,0,3,25.444444443333335
sub-15,pain,1,0.3,0.05,1,3,21.222222220000003
sub-15,pain,1,0.3,0.125,-1,3,30.88888889
sub-15,pain,1,0.3,0.125,0,3,23.333333333333332
sub-15,pain,1,0.3,0.125,1,3,27.666666669999998
sub-15,pain,1,0.7,0.05,-1,3,56.77777778
sub-15,pain,1,0.7,0.05,0,3,46.666666666666664
sub-15,pain,1,0.7,0.05,1,3,51.44444444333334
sub-15,pain,1,0.7,0.125,-1,3,58.777777776666674
sub-15,pain,1,0.7,0.125,0,3,50.666666666666664
sub-15,pain,1,0.7,0.125,1,3,42.22222222333333
sub-15,pain,2,0.3,0.05,-1,3,33.55555555666667
sub-15,pain,2,0.3,0.05,0,3,33.333333333333336
sub-15,pain,2,0.3,0.05,1,3,35.88888889
sub-15,pain,2,0.3,0.125,-1,3,31.222222220000003
sub-15,pain,2,0.3,0.125,0,3,38.666666666666664
sub-15,pain,2,0.3,0.125,1,3,31.444444442333335
sub-15,pain,2,0.7,0.05,-1,3,63.333333333333336
sub-15,pain,2,0.7,0.05,0,3,71.99999999666666
sub-15,pain,2,0.7,0.05,1,3,72.88888888999999
sub-15,pain,2,0.7,0.125,-1,3,62.11111111
sub-15,pain,2,0.7,0.125,0,3,68.33333333333333
sub-15,pain,2,0.7,0.125,1,3,69.66666666333333
sub-15,vision,1,0.3,0.05,-1,3,31.333333333333332
sub-15,vision,1,0.3,0.05,0,3,31.222222223333333
sub-15,vision,1,0.3,0.05,1,3,28.444444443333335
sub-15,vision,1,0.3,0.125,-1,3,47.777777776666674
sub-15,vision,1,0.3,0.125,0,3,30.0
sub-15,vision,1,0.3,0.125,1,3,29.11111111
sub-15,vision,1,0.7,0.05,-1,3,51.88888888666667
sub-15,vision,1,0.7,0.05,0,3,62.222222223333326
sub-15,vision,1,0.7,0.05,1,3,61.777777776666674
sub-15,vision,1,0.7,0.125,-1,3,44.333333333333336
sub-15,vision,1,0.7,0.125,0,3,60.44444444333334
sub-15,vision,1,0.7,0.125,1,3,56.666666670000005
sub-15,vision,2,0.3,0.05,-1,3,41.11111111
sub-15,vision,2,0.3,0.05,0,3,47.11111111
sub-15,vision,2,0.3,0.05,1,3,52.22222222
sub-15,vision,2,0.3,0.125,-1,3,35.444444446666665
sub-15,vision,2,0.3,0.125,0,3,44.333333333333336
sub-15,vision,2,0.3,0.125,1,3,56.11111111
sub-15,vision,2,0.7,0.05,-1,3,69.11111111333334
sub-15,vision,2,0.7,0.05,0,3,67.0
sub-15,vision,2,0.7,0.05,1,3,72.44444444666665
sub-15,vision,2,0.7,0.125,-1,3,67.44444444666665
sub-15,vision,2,0.7,0.125,0,3,75.0
sub-15,vision,2,0.7,0.125,1,3,66.22222222333333
sub-16,pain,1,0.3,0.05,-1,3,52.444444446666665
sub-16,pain,1,0.3,0.05,0,3,63.88888888666668
sub-16,pain,1,0.3,0.05,1,3,49.22222222333334
sub-16,pain,1,0.3,0.125,-1,3,47.222222223333326
sub-16,pain,1,0.3,0.125,0,3,64.66666666333333
sub-16,pain,1,0.3,0.125,1,3,63.777777776666674
sub-16,pain,1,0.7,0.05,-1,3,83.66666666666667
sub-16,pain,1,0.7,0.05,0,3,77.22222222
sub-16,pain,1,0.7,0.05,1,3,81.44444444333334
sub-16,pain,1,0.7,0.125,-1,3,74.0
sub-16,pain,1,0.7,0.125,0,3,82.55555555666666
sub-16,pain,1,0.7,0.125,1,3,75.77777777666667
sub-16,pain,2,0.3,0.05,-1,3,66.77777777666667
sub-16,pain,2,0.3,0.05,0,3,65.66666666666667
sub-16,pain,2,0.3,0.05,1,3,64.33333333333333
sub-16,pain,2,0.3,0.125,-1,3,59.222222223333326
sub-16,pain,2,0.3,0.125,0,3,73.44444444333334
sub-16,pain,2,0.3,0.125,1,3,69.55555555666666
sub-16,pain,2,0.7,0.05,-1,3,87.0
sub-16,pain,2,0.7,0.05,0,3,84.77777777666667
sub-16,pain,2,0.7,0.05,1,3,90.77777778
sub-16,pain,2,0.7,0.125,-1,3,85.55555555666666
sub-16,pain,2,0.7,0.125,0,3,76.55555555666666
sub-16,pain,2,0.7,0.125,1,3,79.11111111333332
sub-16,vision,1,0.3,0.05,-1,3,48.55555555666666
sub-16,vision,1,0.3,0.05,0,3,40.55555555666667
sub-16,vision,1,0.3,0.05,1,3,50.33333333666667
sub-16,vision,1,0.3,0.125,-1,3,43.66666666333333
sub-16,vision,1,0.3,0.125,0,3,47.44444444333334
sub-16,vision,1,0.3,0.125,1,3,50.0
sub-16,vision,1,0.7,0.05,-1,3,61.0
sub-16,vision,1,0.7,0.05,0,3,63.77777778
sub-16,vision,1,0.7,0.05,1,3,56.777777776666674
sub-16,vision,1,0.7,0.125,-1,3,56.44444444333334
sub-16,vision,1,0.7,0.125,0,3,65.11111111000001
sub-16,vision,1,0.7,0.125,1,3,54.88888889
sub-16,vision,2,0.3,0.05,-1,3,53.444444446666665
sub-16,vision,2,0.3,0.05,0,3,56.333333333333336
sub-16,vision,2,0.3,0.05,1,3,56.333333333333336
sub-16,vision,2,0.3,0.125,-1,3,51.333333333333336
sub-16,vision,2,0.3,0.125,0,3,57.88888889
sub-16,vision,2,0.3,0.125,1,3,54.222222223333326
sub-16,vision,2,0.7,0.05,-1,3,73.11111111333332
sub-16,vision,2,0.7,0.05,0,3,66.66666666666667
sub-16,vision,2,0.7,0.05,1,3,78.66666666666667
sub-16,vision,2,0.7,0.125,-1,3,63.0
sub-16,vision,2,0.7,0.125,0,3,69.0
sub-16,vision,2,0.7,0.125,1,3,71.77777777666667
sub-17,pain,1,0.3,0.05,-1,3,19.666666666666668
sub-17,pain,1,0.3,0.05,0,3,24.0
sub-17,pain,1,0.3,0.05,1,3,27.555555556666665
sub-17,pain,1,0.3,0.125,-1,3,20.777777776666667
sub-17,pain,1,0.3,0.125,0,3,21.555555556666665
sub-17,pain,1,0.3,0.125,1,3,25.0
sub-17,pain,1,0.7,0.05,-1,3,45.000000003333334
sub-17,pain,1,0.7,0.05,0,3,48.11111111
sub-17,pain,1,0.7,0.05,1,3,58.11111111
sub-17,pain,1,0.7,0.125,-1,3,49.0
sub-17,pain,1,0.7,0.125,0,3,47.222222223333326
sub-17,pain,1,0.7,0.125,1,3,44.88888889
sub-17,pain,2,0.3,0.05,-1,3,27.888888886666667
sub-17,pain,2,0.3,0.05,0,3,39.77777778
sub-17,pain,2,0.3,0.05,1,3,46.666666666666664
sub-17,pain,2,0.3,0.125,-1,3,27.333333333333332
sub-17,pain,2,0.3,0.125,0,3,28.666666666666668
sub-17,pain,2,0.3,0.125,1,3,27.88888889
sub-17,pain,2,0.7,0.05,-1,3,53.44444444333334
sub-17,pain,2,0.7,0.05,0,3,52.44444444333334
sub-17,pain,2,0.7,0.05,1,3,63.666666670000005
sub-17,pain,2,0.7,0.125,-1,3,67.0
sub-17,pain,2,0.7,0.125,0,3,56.666666666666664
sub-17,pain,2,0.7,0.125,1,3,64.11111111000001
sub-17,vision,1,0.3,0.05,-1,3,26.11111111
sub-17,vision,1,0.3,0.05,0,3,27.111111113333333
sub-17,vision,1,0.3,0.05,1,3,28.777777779999997
sub-17,vision,1,0.3,0.125,-1,3,24.000000003333337
sub-17,vision,1,0.3,0.125,0,3,38.11111111333333
sub-17,vision,1,0.3,0.125,1,3,35.22222222333333
sub-17,vision,1,0.7,0.05,-1,3,59.0
sub-17,vision,1,0.7,0.05,0,3,53.44444444333334
sub-17,vision,1,0.7,0.05,1,3,55.666666666666664
sub-17,vision,1,0.7,0.125,-1,3,47.11111111333333
sub-17,vision,1,0.7,0.125,0,3,59.55555555666666
sub-17,vision,1,0.7,0.125,1,3,61.999999996666666
sub-17,vision,2,0.3,0.05,-1,3,41.0
sub-17,vision,2,0.3,0.05,0,3,38.11111111
sub-17,vision,2,0.3,0.05,1,3,38.22222222333333
sub-17,vision,2,0.3,0.125,-1,3,39.11111111333333
sub-17,vision,2,0.3,0.125,0,3,44.44444444333334
sub-17,vision,2,0.3,0.125,1,3,45.88888888666667
sub-17,vision,2,0.7,0.05,-1,3,65.33333333333333
sub-17,vision,2,0.7,0.05,0,3,60.0
sub-17,vision,2,0.7,0.05,1,3,65.77777777666667
sub-17,vision,2,0.7,0.125,-1,3,65.33333333333333
sub-17,vision,2,0.7,0.125,0,3,59.666666666666664
sub-17,vision,2,0.7,0.125,1,3,66.88888888666666
sub-18,pain,1,0.3,0.05,-1,3,43.777777776666674
sub-18,pain,1,0.3,0.05,0,3,37.666666666666664
sub-18,pain,1,0.3,0.05,1,3,55.333333333333336
sub-18,pain,1,0.3,0.125,-1,3,31.0
sub-18,pain,1,0.3,0.125,0,3,71.11111111333332
sub-18,pain,1,0.3,0.125,1,3,51.88888888666667
sub-18,pain,1,0.7,0.05,-1,3,72.88888888666668
sub-18,pain,1,0.7,0.05,0,3,74.0
sub-18,pain,1,0.7,0.05,1,3,90.0
sub-18,pain,1,0.7,0.125,-1,3,73.77777778
sub-18,pain,1,0.7,0.125,0,3,66.33333333333333
sub-18,pain,1,0.7,0.125,1,3,80.11111111000001
sub-18,pain,2,0.3,0.05,-1,3,39.0
sub-18,pain,2,0.3,0.05,0,3,78.55555555666666
sub-18,pain,2,0.3,0.05,1,3,54.77777778
sub-18,pain,2,0.3,0.125,-1,3,33.444444446666665
sub-18,pain,2,0.3,0.125,0,3,57.666666666666664
sub-18,pain,2,0.3,0.125,1,3,69.55555555333333
sub-18,pain,2,0.7,0.05,-1,3,80.55555555333335
sub-18,pain,2,0.7,0.05,0,3,78.66666666666667
sub-18,pain,2,0.7,0.05,1,3,94.88888888999999
sub-18,pain,2,0.7,0.125,-1,3,60.999999996666666
sub-18,pain,2,0.7,0.125,0,3,80.55555555666666
sub-18,pain,2,0.7,0.125,1,3,90.88888888999999
sub-18,vision,1,0.3,0.05,-1,3,50.777777776666674
sub-18,vision,1,0.3,0.05,0,3,36.333333333333336
sub-18,vision,1,0.3,0.05,1,3,53.44444444333334
sub-18,vision,1,0.3,0.125,-1,3,54.55555555666666
sub-18,vision,1,0.3,0.125,0,3,32.66666667
sub-18,vision,1,0.3,0.125,1,3,48.11111111
sub-18,vision,1,0.7,0.05,-1,3,61.222222223333326
sub-18,vision,1,0.7,0.05,0,3,69.22222222
sub-18,vision,1,0.7,0.05,1,3,57.0
sub-18,vision,1,0.7,0.125,-1,3,54.555555553333335
sub-18,vision,1,0.7,0.125,0,3,61.777777776666674
sub-18,vision,1,0.7,0.125,1,3,67.0
sub-18,vision,2,0.3,0.05,-1,3,52.222222223333326
sub-18,vision,2,0.3,0.05,0,3,61.222222223333326
sub-18,vision,2,0.3,0.05,1,3,58.777777776666674
sub-18,vision,2,0.3,0.125,-1,3,54.55555555666666
sub-18,vision,2,0.3,0.125,0,3,69.33333333333333
sub-18,vision,2,0.3,0.125,1,3,67.55555555333335
sub-18,vision,2,0.7,0.05,-1,3,58.333333329999995
sub-18,vision,2,0.7,0.05,0,3,70.22222222333333
sub-18,vision,2,0.7,0.05,1,3,75.44444444333334
sub-18,vision,2,0.7,0.125,-1,3,77.55555555333333
sub-18,vision,2,0.7,0.125,0,3,70.0
sub-18,vision,2,0.7,0.125,1,3,73.33333333333333
sub-20,pain,1,0.3,0.05,-1,3,79.77777777666667
sub-20,pain,1,0.3,0.05,0,3,83.44444444666667
sub-20,pain,1,0.3,0.05,1,3,91.33333333333333
sub-20,pain,1,0.3,0.125,-1,3,79.22222222333333
sub-20,pain,1,0.3,0.125,0,3,78.22222222333333
sub-20,pain,1,0.3,0.125,1,3,78.11111111000001
sub-20,pain,1,0.7,0.05,-1,3,73.77777777666667
sub-20,pain,1,0.7,0.05,0,3,72.55555555333335
sub-20,pain,1,0.7,0.05,1,3,77.11111111000001
sub-20,pain,1,0.7,0.125,-1,3,82.44444444333334
sub-20,pain,1,0.7,0.125,0,3,84.0
sub-20,pain,1,0.7,0.125,1,3,93.77777778
sub-20,pain,2,0.3,0.05,-1,3,90.88888888999999
sub-20,pain,2,0.3,0.05,0,3,95.0
sub-20,pain,2,0.3,0.05,1,3,95.99999999666666
sub-20,pain,2,0.3,0.125,-1,3,89.0
sub-20,pain,2,0.3,0.125,0,3,97.33333333666667
sub-20,pain,2,0.3,0.125,1,3,95.33333333333333
sub-20,pain,2,0.7,0.05,-1,3,91.44444444333334
sub-20,pain,2,0.7,0.05,0,3,94.33333333333333
sub-20,pain,2,0.7,0.05,1,3,91.22222222
sub-20,pain,2,0.7,0.125,-1,3,84.77777778
sub-20,pain,2,0.7,0.125,0,3,95.33333333
sub-20,pain,2,0.7,0.125,1,3,97.33333333333333
sub-20,vision,1,0.3,0.05,-1,3,71.0
sub-20,vision,1,0.3,0.05,0,3,80.44444444333334
sub-20,vision,1,0.3,0.05,1,3,74.77777777666667
sub-20,vision,1,0.3,0.125,-1,3,76.44444444666667
sub-20,vision,1,0.3,0.125,0,3,77.99999999666666
sub-20,vision,1,0.3,0.125,1,3,66.44444444333334
sub-20,vision,1,0.7,0.05,-1,3,78.66666667
sub-20,vision,1,0.7,0.05,0,3,74.55555555666666
sub-20,vision,1,0.7,0.05,1,3,70.88888888999999
sub-20,vision,1,0.7,0.125,-1,3,77.77777777666667
sub-20,vision,1,0.7,0.125,0,3,71.66666666666667
sub-20,vision,1,0.7,0.125,1,3,67.22222222333333
sub-20,vision,2,0.3,0.05,-1,3,83.11111111000001
sub-20,vision,2,0.3,0.05,0,3,90.44444444333334
sub-20,vision,2,0.3,0.05,1,3,93.11111111000001
sub-20,vision,2,0.3,0.125,-1,3,82.55555555666666
sub-20,vision,2,0.3,0.125,0,3,94.33333333333333
sub-20,vision,2,0.3,0.125,1,3,93.33333333333333
sub-20,vision,2,0.7,0.05,-1,3,90.11111111333332
sub-20,vision,2,0.7,0.05,0,2,79.16666667
sub-20,vision,2,0.7,0.05,1,3,88.88888888666668
sub-20,vision,2,0.7,0.125,-1,3,86.0
sub-20,vision,2,0.7,0.125,0,3,89.66666666666667
sub-20,vision,2,0.7,0.125,1,3,93.77777777666667
sub-21,pain,1,0.3,0.05,-1,3,12.888888889
sub-21,pain,1,0.3,0.05,0,3,15.111111112333333
sub-21,pain,1,0.3,0.05,1,3,28.777777776666667
sub-21,pain,1,0.3,0.125,-1,3,27.444444446666665
sub-21,pain,1,0.3,0.125,0,3,29.99999999666667
sub-21,pain,1,0.3,0.125,1,3,38.22222222
sub-21,pain,1,0.7,0.05,-1,3,45.555555553333335
sub-21,pain,1,0.7,0.05,0,3,37.88888889
sub-21,pain,1,0.7,0.05,1,3,37.22222222333333
sub-21,pain,1,0.7,0.125,-1,3,48.33333333666667
sub-21,pain,1,0.7,0.125,0,3,46.77777777666666
sub-21,pain,1,0.7,0.125,1,3,50.666666666666664
sub-21,pain,2,0.3,0.05,-1,3,47.0
sub-21,pain,2,0.3,0.05,0,3,36.0
sub-21,pain,2,0.3,0.05,1,3,65.22222222
sub-21,pain,2,0.3,0.125,-1,3,33.000000001
sub-21,pain,2,0.3,0.125,0,3,59.88888889
sub-21,pain,2,0.3,0.125,1,3,63.88888888666668
sub-21,pain,2,0.7,0.05,-1,3,36.33333333433333
sub-21,pain,2,0.7,0.05,0,3,49.88888889
sub-21,pain,2,0.7,0.05,1,3,71.55555555333335
sub-21,pain,2,0.7,0.125,-1,3,59.222222223333326
sub-21,pain,2,0.7,0.125,0,3,70.22222222333333
sub-21,pain,2,0.7,0.125,1,3,72.11111111000001
sub-21,vision,1,0.3,0.05,-1,3,39.11111111333333
sub-21,vision,1,0.3,0.05,0,3,54.555555553333335
sub-21,vision,1,0.3,0.05,1,3,45.777777776666674
sub-21,vision,1,0.3,0.125,-1,3,41.88888889
sub-21,vision,1,0.3,0.125,0,3,38.0
sub-21,vision,1,0.3,0.125,1,3,39.44444444333333
sub-21,vision,1,0.7,0.05,-1,3,45.999999996666666
sub-21,vision,1,0.7,0.05,0,3,53.66666666333333
sub-21,vision,1,0.7,0.05,1,3,56.55555555666666
sub-21,vision,1,0.7,0.125,-1,3,56.44444444333334
sub-21,vision,1,0.7,0.125,0,3,70.22222222333333
sub-21,vision,1,0.7,0.125,1,3,48.444444446666665
sub-21,vision,2,0.3,0.05,-1,3,51.0
sub-21,vision,2,0.3,0.05,0,3,46.88888889
sub-21,vision,2,0.3,0.05,1,3,63.0
sub-21,vision,2,0.3,0.125,-1,3,55.222222223333326
sub-21,vision,2,0.3,0.125,0,3,52.88888889
sub-21,vision,2,0.3,0.125,1,3,60.88888889
sub-21,vision,2,0.7,0.05,-1,3,70.66666666333333
sub-21,vision,2,0.7,0.05,0,3,73.22222222333333
sub-21,vision,2,0.7,0.05,1,3,76.66666666666667
sub-21,vision,2,0.7,0.125,-1,3,69.66666666666667
sub-21,vision,2,0.7,0.125,0,3,68.11111111000001
sub-21,vision,2,0.7,0.125,1,3,79.44444444666665
sub-22,pain,1,0.3,0.05,-1,3,87.22222222
sub-22,pain,1,0.3,0.05,0,3,67.44444444333334
sub-22,pain,1,0.3,0.05,1,2,47.833333335
sub-22,pain,1,0.3,0.125,-1,3,72.55555555666666
sub-22,pain,1,0.3,0.125,0,2,56.33333333
sub-22,pain,1,0.3,0.125,1,2,54.833333335
sub-22,pain,1,0.7,0.05,-1,3,77.0
sub-22,pain,1,0.7,0.05,0,3,74.22222222333333
sub-22,pain,1,0.7,0.05,1,2,60.66666667
sub-22,pain,1,0.7,0.125,-1,3,75.33333333333333
sub-22,pain,1,0.7,0.125,0,2,56.666666665
sub-22,pain,1,0.7,0.125,1,2,52.333333335
sub-22,pain,2,0.3,0.05,-1,3,86.44444444333334
sub-22,pain,2,0.3,0.05,0,3,80.33333333333333
sub-22,pain,2,0.3,0.05,1,2,63.333333335
sub-22,pain,2,0.3,0.125,-1,3,74.88888888999999
sub-22,pain,2,0.3,0.125,0,2,64.66666667
sub-22,pain,2,0.3,0.125,1,2,51.4999999985
sub-22,pain,2,0.7,0.05,-1,3,80.66666666666667
sub-22,pain,2,0.7,0.05,0,3,74.77777778
sub-22,pain,2,0.7,0.05,1,2,53.4999999985
sub-22,pain,2,0.7,0.125,-1,3,92.55555555666666
sub-22,pain,2,0.7,0.125,0,2,63.0
sub-22,pain,2,0.7,0.125,1,2,57.666666665
sub-22,vision,1,0.3,0.05,-1,3,42.55555555666667
sub-22,vision,1,0.3,0.05,0,3,33.0
sub-22,vision,1,0.3,0.05,1,3,48.666666666666664
sub-22,vision,1,0.3,0.125,-1,3,58.444444446666665
sub-22,vision,1,0.3,0.125,0,3,50.77777778
sub-22,vision,1,0.3,0.125,1,3,53.0
sub-22,vision,1,0.7,0.05,-1,3,50.666666666666664
sub-22,vision,1,0.7,0.05,0,3,46.000000003333334
sub-22,vision,1,0.7,0.05,1,3,43.88888889
sub-22,vision,1,0.7,0.125,-1,3,52.333333329999995
sub-22,vision,1,0.7,0.125,0,3,48.77777778
sub-22,vision,1,0.7,0.125,1,3,53.333333333333336
sub-22,vision,2,0.3,0.05,-1,3,59.55555555666666
sub-22,vision,2,0.3,0.05,0,3,54.777777776666674
sub-22,vision,2,0.3,0.05,1,3,67.11111111000001
sub-22,vision,2,0.3,0.125,-1,3,57.222222223333326
sub-22,vision,2,0.3,0.125,0,3,65.22222222
sub-22,vision,2,0.3,0.125,1,3,51.0
sub-22,vision,2,0.7,0.05,-1,3,51.11111111
sub-22,vision,2,0.7,0.05,0,3,51.88888889
sub-22,vision,2,0.7,0.05,1,3,59.222222223333326
sub-22,vision,2,0.7,0.125,-1,3,60.11111111333333
sub-22,vision,2,0.7,0.125,0,3,55.11111111
sub-22,vision,2,0.7,0.125,1,3,60.777777776666674
sub-23,pain,1,0.3,0.05,-1,3,51.33333333666667
sub-23,pain,1,0.3,0.05,0,3,45.88888888666667
sub-23,pain,1,0.3,0.05,1,3,51.0
sub-23,pain,1,0.3,0.125,-1,3,41.666666666666664
sub-23,pain,1,0.3,0.125,0,3,37.11111111333333
sub-23,pain,1,0.3,0.125,1,3,34.88888888666667
sub-23,pain,1,0.7,0.05,-1,3,63.88888889
sub-23,pain,1,0.7,0.05,0,3,54.11111111333333
sub-23,pain,1,0.7,0.05,1,3,52.666666666666664
sub-23,pain,1,0.7,0.125,-1,3,48.11111111
sub-23,pain,1,0.7,0.125,0,3,44.11111111
sub-23,pain,1,0.7,0.125,1,3,41.77777777666667
sub-23,pain,2,0.3,0.05,-1,3,66.77777777666667
sub-23,pain,2,0.3,0.05,0,3,58.77777778
sub-23,pain,2,0.3,0.05,1,3,49.55555555666666
sub-23,pain,2,0.3,0.125,-1,3,60.333333333333336
sub-23,pain,2,0.3,0.125,0,3,66.22222222333333
sub-23,pain,2,0.3,0.125,1,3,56.444444446666665
sub-23,pain,2,0.7,0.05,-1,3,57.555555553333335
sub-23,pain,2,0.7,0.05,0,3,61.777777776666674
sub-23,pain,2,0.7,0.05,1,3,57.77777778
sub-23,pain,2,0.7,0.125,-1,3,60.555555553333335
sub-23,pain,2,0.7,0.125,0,3,63.777777776666674
sub-23,pain,2,0.7,0.125,1,3,64.0
sub-23,vision,1,0.3,0.05,-1,3,32.333333333333336
sub-23,vision,1,0.3,0.05,0,3,28.333333333333332
sub-23,vision,1,0.3,0.05,1,3,41.666666666666664
sub-23,vision,1,0.3,0.125,-1,3,40.77777778
sub-23,vision,1,0.3,0.125,0,3,31.0
sub-23,vision,1,0.3,0.125,1,3,39.11111111
sub-23,vision,1,0.7,0.05,-1,3,43.44444444333334
sub-23,vision,1,0.7,0.05,0,3,40.77777778
sub-23,vision,1,0.7,0.05,1,3,46.333333333333336
sub-23,vision,1,0.7,0.125,-1,3,34.55555555666667
sub-23,vision,1,0.7,0.125,0,3,39.22222222333333
sub-23,vision,1,0.7,0.125,1,3,38.44444444333333
sub-23,vision,2,0.3,0.05,-1,3,49.0
sub-23,vision,2,0.3,0.05,0,3,46.666666666666664
sub-23,vision,2,0.3,0.05,1,3,41.333333333333336
sub-23,vision,2,0.3,0.125,-1,3,53.555555553333335
sub-23,vision,2,0.3,0.125,0,3,52.0
sub-23,vision,2,0.3,0.125,1,3,44.555555553333335
sub-23,vision,2,0.7,0.05,-1,3,56.77777778
sub-23,vision,2,0.7,0.05,0,3,60.0
sub-23,vision,2,0.7,0.05,1,3,51.88888889
sub-23,vision,2,0.7,0.125,-1,3,63.22222222
sub-23,vision,2,0.7,0.125,0,3,61.222222223333326
sub-23,vision,2,0.7,0.125,1,3,56.11111111333333
sub-25,pain,1,0.3,0.05,-1,2,31.0
sub-25,pain,1,0.3,0.05,0,2,44.0
sub-25,pain,1,0.3,0.05,1,2,33.666666665
sub-25,pain,1,0.3,0.125,-1,2,47.5
sub-25,pain,1,0.3,0.125,0,2,49.0
sub-25,pain,1,0.3,0.125,1,2,45.5
sub-25,pain,1,0.7,0.05,-1,2,42.16666667
sub-25,pain,1,0.7,0.05,0,2,42.666666665
sub-25,pain,1,0.7,0.05,1,2,7.833333335
sub-25,pain,1,0.7,0.125,-1,2,54.0
sub-25,pain,1,0.7,0.125,0,2,57.666666665
sub-25,pain,1,0.7,0.125,1,2,43.5
sub-25,pain,2,0.3,0.05,-1,2,57.666666665
sub-25,pain,2,0.3,0.05,0,2,55.0
sub-25,pain,2,0.3,0.05,1,2,69.83333333
sub-25,pain,2,0.3,0.125,-1,2,81.16666666500001
sub-25,pain,2,0.3,0.125,0,2,76.5
sub-25,pain,2,0.3,0.125,1,2,70.33333333499999
sub-25,pain,2,0.7,0.05,-1,2,70.5
sub-25,pain,2,0.7,0.05,0,2,83.5
sub-25,pain,2,0.7,0.05,1,2,74.66666666500001
sub-25,pain,2,0.7,0.125,-1,2,78.83333333
sub-25,pain,2,0.7,0.125,0,2,82.0
sub-25,pain,2,0.7,0.125,1,2,88.0
sub-25,vision,1,0.3,0.05,-1,2,71.83333333499999
sub-25,vision,1,0.3,0.05,0,2,43.66666667
sub-25,vision,1,0.3,0.05,1,2,65.66666667
sub-25,vision,1,0.3,0.125,-1,2,42.666666665
sub-25,vision,1,0.3,0.125,0,2,58.33333333
sub-25,vision,1,0.3,0.125,1,2,52.83333333
sub-25,vision,1,0.7,0.05,-1,2,63.833333335
sub-25,vision,1,0.7,0.05,0,1,57.0
sub-25,vision,1,0.7,0.05,1,2,62.0
sub-25,vision,1,0.7,0.125,-1,2,49.5
sub-25,vision,1,0.7,0.125,0,2,56.5
sub-25,vision,1,0.7,0.125,1,2,63.833333335
sub-25,vision,2,0.3,0.05,-1,2,67.66666666500001
sub-25,vision,2,0.3,0.05,0,1,69.33333333
sub-25,vision,2,0.3,0.05,1,2,57.833333335
sub-25,vision,2,0.3,0.125,-1,2,41.0
sub-25,vision,2,0.3,0.125,0,2,72.5
sub-25,vision,2,0.3,0.125,1,2,58.83333333
sub-25,vision,2,0.7,0.05,-1,1,84.66666667
sub-25,vision,2,0.7,0.05,0,2,69.33333333499999
sub-25,vision,2,0.7,0.05,1,2,72.5
sub-25,vision,2,0.7,0.125,-1,2,52.333333335
sub-25,vision,2,0.7,0.125,0,2,72.5
sub-25,vision,2,0.7,0.125,1,2,68.66666667
sub-26,pain,1,0.3,0.05,-1,3,54.55555555666666
sub-26,pain,1,0.3,0.05,0,2,57.0
sub-26,pain,1,0.3,0.05,1,3,47.22222222
sub-26,pain,1,0.3,0.125,-1,3,53.11111111
sub-26,pain,1,0.3,0.125,0,3,37.55555555666667
sub-26,pain,1,0.3,0.125,1,3,48.333333333333336
sub-26,pain,1,0.7,0.05,-1,3,68.66666667
sub-26,pain,1,0.7,0.05,0,2,55.166666665
sub-26,pain,1,0.7,0.05,1,3,58.44444444333334
sub-26,pain,1,0.7,0.125,-1,3,65.44444444333334
sub-26,pain,1,0.7,0.125,0,3,67.55555555333333
sub-26,pain,1,0.7,0.125,1,3,67.44444444333334
sub-26,pain,2,0.3,0.05,-1,2,82.33333333
sub-26,pain,2,0.3,0.05,0,2,54.333333335
sub-26,pain,2,0.3,0.05,1,3,61.11111111
sub-26,pain,2,0.3,0.125,-1,3,77.66666666666667
sub-26,pain,2,0.3,0.125,0,3,75.77777777666667
sub-26,pain,2,0.3,0.125,1,3,59.333333333333336
sub-26,pain,2,0.7,0.05,-1,3,69.66666666666667
sub-26,pain,2,0.7,0.05,0,3,72.33333333333333
sub-26,pain,2,0.7,0.05,1,3,67.11111111333334
sub-26,pain,2,0.7,0.125,-1,2,76.0
sub-26,pain,2,0.7,0.125,0,3,71.77777777666667
sub-26,pain,2,0.7,0.125,1,3,71.44444444666667
sub-26,vision,1,0.3,0.05,-1,3,47.88888888666667
sub-26,vision,1,0.3,0.05,0,3,48.444444446666665
sub-26,vision,1,0.3,0.05,1,3,58.0
sub-26,vision,1,0.3,0.125,-1,2,47.833333335
sub-26,vision,1,0.3,0.125,0,2,52.66666667
sub-26,vision,1,0.3,0.125,1,3,55.88888888666667
sub-26,vision,1,0.7,0.05,-1,3,67.55555555666666
sub-26,vision,1,0.7,0.05,0,2,67.33333333
sub-26,vision,1,0.7,0.05,1,3,67.44444444333334
sub-26,vision,1,0.7,0.125,-1,3,55.333333333333336
sub-26,vision,1,0.7,0.125,0,2,58.0
sub-26,vision,1,0.7,0.125,1,3,57.333333333333336
sub-26,vision,2,0.3,0.05,-1,3,66.11111111333332
sub-26,vision,2,0.3,0.05,0,3,54.666666670000005
sub-26,vision,2,0.3,0.05,1,2,77.83333333499999
sub-26,vision,2,0.3,0.125,-1,3,69.33333333
sub-26,vision,2,0.3,0.125,0,3,66.0
sub-26,vision,2,0.3,0.125,1,3,64.00000000333334
sub-26,vision,2,0.7,0.05,-1,3,64.88888888999999
sub-26,vision,2,0.7,0.05,0,3,79.66666666666667
sub-26,vision,2,0.7,0.05,1,2,91.0
sub-26,vision,2,0.7,0.125,-1,3,88.88888888999999
sub-26,vision,2,0.7,0.125,0,3,73.99999999666666
sub-26,vision,2,0.7,0.125,1,2,74.83333333499999
sub-27,pain,1,0.3,0.05,-1,3,51.33333333666667
sub-27,pain,1,0.3,0.05,0,3,45.88888888666667
sub-27,pain,1,0.3,0.05,1,2,57.0
sub-27,pain,1,0.3,0.125,-1,3,41.666666666666664
sub-27,pain,1,0.3,0.125,0,3,42.444444446666665
sub-27,pain,1,0.3,0.125,1,2,40.83333333
sub-27,pain,1,0.7,0.05,-1,3,63.88888889
sub-27,pain,1,0.7,0.05,0,3,54.11111111333333
sub-27,pain,1,0.7,0.05,1,4,62.33333333499999
sub-27,pain,1,0.7,0.125,-1,3,48.11111111
sub-27,pain,1,0.7,0.125,0,3,52.44444444333334
sub-27,pain,1,0.7,0.125,1,4,58.83333333499999
sub-27,pain,2,0.3,0.05,-1,3,66.77777777666667
sub-27,pain,2,0.3,0.05,0,3,58.77777778
sub-27,pain,2,0.3,0.05,1,4,63.166666667499996
sub-27,pain,2,0.3,0.125,-1,3,60.333333333333336
sub-27,pain,2,0.3,0.125,0,3,72.44444444333334
sub-27,pain,2,0.3,0.125,1,4,70.25
sub-27,pain,2,0.7,0.05,-1,3,57.555555553333335
sub-27,pain,2,0.7,0.05,0,3,61.777777776666674
sub-27,pain,2,0.7,0.05,1,2,62.333333335
sub-27,pain,2,0.7,0.125,-1,3,60.555555553333335
sub-27,pain,2,0.7,0.125,0,3,69.55555555333335
sub-27,pain,2,0.7,0.125,1,2,65.5
sub-27,vision,1,0.3,0.05,-1,3,32.333333333333336
sub-27,vision,1,0.3,0.05,0,3,28.333333333333332
sub-27,vision,1,0.3,0.05,1,2,43.166666665
sub-27,vision,1,0.3,0.125,-1,3,40.77777778
sub-27,vision,1,0.3,0.125,0,4,44.25
sub-27,vision,1,0.3,0.125,1,2,38.0
sub-27,vision,1,0.7,0.05,-1,3,43.44444444333334
sub-27,vision,1,0.7,0.05,0,3,40.77777778
sub-27,vision,1,0.7,0.05,1,3,45.11111111
sub-27,vision,1,0.7,0.125,-1,3,34.55555555666667
sub-27,vision,1,0.7,0.125,0,4,40.166666665
sub-27,vision,1,0.7,0.125,1,3,46.11111111
sub-27,vision,2,0.3,0.05,-1,3,49.0
sub-27,vision,2,0.3,0.05,0,3,46.666666666666664
sub-27,vision,2,0.3,0.05,1,4,42.2500000025
sub-27,vision,2,0.3,0.125,-1,3,53.555555553333335
sub-27,vision,2,0.3,0.125,0,2,54.5
sub-27,vision,2,0.3,0.125,1,4,50.833333332500004
sub-27,vision,2,0.7,0.05,-1,3,56.77777778
sub-27,vision,2,0.7,0.05,0,3,60.0
sub-27,vision,2,0.7,0.05,1,3,53.55555555666666
sub-27,vision,2,0.7,0.125,-1,3,63.22222222
sub-27,vision,2,0.7,0.125,0,2,61.5
sub-27,vision,2,0.7,0.125,1,3,59.444444446666665
sub-28,pain,1,0.3,0.05,-1,3,46.666666666666664
sub-28,pain,1,0.3,0.05,0,3,33.666666664333334
sub-28,pain,1,0.3,0.05,1,3,52.0
sub-28,pain,1,0.3,0.125,-1,3,48.55555555666666
sub-28,pain,1,0.3,0.125,0,3,52.222222223333326
sub-28,pain,1,0.3,0.125,1,3,53.333333333333336
sub-28,pain,1,0.7,0.05,-1,3,65.55555555333335
sub-28,pain,1,0.7,0.05,0,3,50.88888889
sub-28,pain,1,0.7,0.05,1,3,67.44444444333334
sub-28,pain,1,0.7,0.125,-1,3,56.22222222
sub-28,pain,1,0.7,0.125,0,3,65.11111111333334
sub-28,pain,1,0.7,0.125,1,3,63.333333333333336
sub-28,pain,2,0.3,0.05,-1,3,74.44444444333334
sub-28,pain,2,0.3,0.05,0,3,68.22222222
sub-28,pain,2,0.3,0.05,1,3,69.22222222333333
sub-28,pain,2,0.3,0.125,-1,3,65.77777777666667
sub-28,pain,2,0.3,0.125,0,3,57.55555555666666
sub-28,pain,2,0.3,0.125,1,3,66.88888888999999
sub-28,pain,2,0.7,0.05,-1,3,76.66666667
sub-28,pain,2,0.7,0.05,0,3,69.0
sub-28,pain,2,0.7,0.05,1,3,78.77777778
sub-28,pain,2,0.7,0.125,-1,3,72.00000000333334
sub-28,pain,2,0.7,0.125,0,3,73.33333333
sub-28,pain,2,0.7,0.125,1,3,81.11111111333332
sub-28,vision,1,0.3,0.05,-1,3,48.11111111
sub-28,vision,1,0.3,0.05,0,3,49.88888889
sub-28,vision,1,0.3,0.05,1,3,54.11111111333333
sub-28,vision,1,0.3,0.125,-1,3,52.666666666666664
sub-28,vision,1,0.3,0.125,0,3,54.333333333333336
sub-28,vision,1,0.3,0.125,1,3,54.11111111
sub-28,vision,1,0.7,0.05,-1,3,54.777777776666674
sub-28,vision,1,0.7,0.05,0,3,45.77777778
sub-28,vision,1,0.7,0.05,1,3,52.666666666666664
sub-28,vision,1,0.7,0.125,-1,3,57.11111111333333
sub-28,vision,1,0.7,0.125,0,3,55.11111111333333
sub-28,vision,1,0.7,0.125,1,3,55.777777776666674
sub-28,vision,2,0.3,0.05,-1,3,58.11111111333333
sub-28,vision,2,0.3,0.05,0,3,58.88888889
sub-28,vision,2,0.3,0.05,1,3,70.77777778
sub-28,vision,2,0.3,0.125,-1,3,67.22222222
sub-28,vision,2,0.3,0.125,0,3,68.22222222333333
sub-28,vision,2,0.3,0.125,1,3,66.66666666666667
sub-28,vision,2,0.7,0.05,-1,3,71.88888888999999
sub-28,vision,2,0.7,0.05,0,3,66.44444444333334
sub-28,vision,2,0.7,0.05,1,3,66.44444444666665
sub-28,vision,2,0.7,0.125,-1,3,68.77777777666667
sub-28,vision,2,0.7,0.125,0,3,67.0
sub-28,vision,2,0.7,0.125,1,3,63.222222223333326
sub-29,pain,1,0.3,0.05,-1,3,26.55555555566667
sub-29,pain,1,0.3,0.05,0,3,37.88888889
sub-29,pain,1,0.3,0.05,1,3,35.22222222333333
sub-29,pain,1,0.3,0.125,-1,3,31.444444446666665
sub-29,pain,1,0.3,0.125,0,3,56.88888889
sub-29,pain,1,0.3,0.125,1,3,35.11111111
sub-29,pain,1,0.7,0.05,-1,3,34.11111111
sub-29,pain,1,0.7,0.05,0,3,28.111111113333333
sub-29,pain,1,0.7,0.05,1,3,31.555555556666665
sub-29,pain,1,0.7,0.125,-1,3,33.33333333233333
sub-29,pain,1,0.7,0.125,0,3,31.0
sub-29,pain,1,0.7,0.125,1,3,41.55555555666667
sub-29,pain,2,0.3,0.05,-1,3,37.22222222333333
sub-29,pain,2,0.3,0.05,0,3,42.88888888666667
sub-29,pain,2,0.3,0.05,1,3,52.88888888666667
sub-29,pain,2,0.3,0.125,-1,3,54.11111111
sub-29,pain,2,0.3,0.125,0,3,51.666666666666664
sub-29,pain,2,0.3,0.125,1,3,69.55555555666666
sub-29,pain,2,0.7,0.05,-1,3,42.22222222333333
sub-29,pain,2,0.7,0.05,0,3,53.44444444333334
sub-29,pain,2,0.7,0.05,1,3,50.11111111
sub-29,pain,2,0.7,0.125,-1,3,42.333333333333336
sub-29,pain,2,0.7,0.125,0,3,62.0
sub-29,pain,2,0.7,0.125,1,3,51.666666666666664
sub-29,vision,1,0.3,0.05,-1,3,58.22222222
sub-29,vision,1,0.3,0.05,0,3,60.11111111
sub-29,vision,1,0.3,0.05,1,3,60.77777778
sub-29,vision,1,0.3,0.125,-1,3,63.11111111
sub-29,vision,1,0.3,0.125,0,3,69.11111111333332
sub-29,vision,1,0.3,0.125,1,3,70.0
sub-29,vision,1,0.7,0.05,-1,3,60.11111111333333
sub-29,vision,1,0.7,0.05,0,3,60.555555553333335
sub-29,vision,1,0.7,0.05,1,3,66.66666666666667
sub-29,vision,1,0.7,0.125,-1,3,61.22222222
sub-29,vision,1,0.7,0.125,0,3,67.11111111333332
sub-29,vision,1,0.7,0.125,1,3,66.99999999666666
sub-29,vision,2,0.3,0.05,-1,3,65.88888888666666
sub-29,vision,2,0.3,0.05,0,3,82.55555555666666
sub-29,vision,2,0.3,0.05,1,3,83.33333333333333
sub-29,vision,2,0.3,0.125,-1,3,76.11111111333332
sub-29,vision,2,0.3,0.125,0,3,77.66666666666667
sub-29,vision,2,0.3,0.125,1,3,83.11111111000001
sub-29,vision,2,0.7,0.05,-1,3,72.66666666666667
sub-29,vision,2,0.7,0.05,0,3,67.44444444333334
sub-29,vision,2,0.7,0.05,1,3,69.77777777666667
sub-29,vision,2,0.7,0.125,-1,3,79.44444444666665
sub-29,vision,2,0.7,0.125,0,3,79.77777777666667
sub-29,vision,2,0.7,0.125,1,3,87.66666667
sub-31,pain,1,0.3,0.05,-1,3,70.55555555666666
sub-31,pain,1,0.3,0.05,0,2,35.33333333
sub-31,pain,1,0.3,0.05,1,2,74.66666666500001
sub-31,pain,1,0.3,0.125,-1,3,45.666666666666664
sub-31,pain,1,0.3,0.125,0,2,29.0
sub-31,pain,1,0.3,0.125,1,2,56.833333335
sub-31,pain,1,0.7,0.05,-1,3,39.55555555666667
sub-31,pain,1,0.7,0.05,0,3,28.555555553333335
sub-31,pain,1,0.7,0.05,1,2,60.666666665
sub-31,pain,1,0.7,0.125,-1,3,43.55555555666666
sub-31,pain,1,0.7,0.125,0,2,50.5
sub-31,pain,1,0.7,0.125,1,2,41.5
sub-31,pain,2,0.3,0.05,-1,3,61.55555555666667
sub-31,pain,2,0.3,0.05,0,3,51.66666666333333
sub-31,pain,2,0.3,0.05,1,2,55.0
sub-31,pain,2,0.3,0.125,-1,3,53.77777777666666
sub-31,pain,2,0.3,0.125,0,2,56.16666667
sub-31,pain,2,0.3,0.125,1,2,84.0
sub-31,pain,2,0.7,0.05,-1,3,59.0
sub-31,pain,2,0.7,0.05,0,3,48.88888888666667
sub-31,pain,2,0.7,0.05,1,2,67.5
sub-31,pain,2,0.7,0.125,-1,3,49.777777776666674
sub-31,pain,2,0.7,0.125,0,1,93.33333333
sub-31,pain,2,0.7,0.125,1,2,75.16666666500001
sub-31,vision,1,0.3,0.05,-1,3,59.22222222
sub-31,vision,1,0.3,0.05,0,3,36.000000003333334
sub-31,vision,1,0.3,0.05,1,3,57.666666666666664
sub-31,vision,1,0.3,0.125,-1,3,42.999999996666666
sub-31,vision,1,0.3,0.125,0,3,48.777777776666674
sub-31,vision,1,0.3,0.125,1,3,50.44444444333334
sub-31,vision,1,0.7,0.05,-1,3,52.666666666666664
sub-31,vision,1,0.7,0.05,0,3,40.77777778
sub-31,vision,1,0.7,0.05,1,3,45.11111111
sub-31,vision,1,0.7,0.125,-1,2,31.166666665
sub-31,vision,1,0.7,0.125,0,3,44.11111111333333
sub-31,vision,1,0.7,0.125,1,3,40.333333333333336
sub-31,vision,2,0.3,0.05,-1,3,69.22222222333333
sub-31,vision,2,0.3,0.05,0,3,60.666666666666664
sub-31,vision,2,0.3,0.05,1,3,75.55555555666666
sub-31,vision,2,0.3,0.125,-1,3,64.66666667
sub-31,vision,2,0.3,0.125,0,3,71.22222222333333
sub-31,vision,2,0.3,0.125,1,3,61.0
sub-31,vision,2,0.7,0.05,-1,3,54.666666666666664
sub-31,vision,2,0.7,0.05,0,3,52.222222223333326
sub-31,vision,2,0.7,0.05,1,3,66.44444444666665
sub-31,vision,2,0.7,0.125,-1,3,70.0
sub-31,vision,2,0.7,0.125,0,3,69.33333333666667
sub-31,vision,2,0.7,0.125,1,3,67.0
sub-32,pain,1,0.3,0.05,-1,3,44.555555553333335
sub-32,pain,1,0.3,0.05,0,3,39.77777777666667
sub-32,pain,1,0.3,0.05,1,3,44.333333333333336
sub-32,pain,1,0.3,0.125,-1,3,41.0
sub-32,pain,1,0.3,0.125,0,3,36.666666666666664
sub-32,pain,1,0.3,0.125,1,3,29.777777777666667
sub-32,pain,1,0.7,0.05,-1,3,68.33333333333333
sub-32,pain,1,0.7,0.05,0,3,86.55555555666666
sub-32,pain,1,0.7,0.05,1,3,76.55555555333335
sub-32,pain,1,0.7,0.125,-1,3,80.22222222333333
sub-32,pain,1,0.7,0.125,0,3,63.55555555333334
sub-32,pain,1,0.7,0.125,1,3,60.333333333333336
sub-32,pain,2,0.3,0.05,-1,3,65.44444444666665
sub-32,pain,2,0.3,0.05,0,3,47.11111111
sub-32,pain,2,0.3,0.05,1,3,53.22222222
sub-32,pain,2,0.3,0.125,-1,3,46.666666666666664
sub-32,pain,2,0.3,0.125,0,3,53.44444444333334
sub-32,pain,2,0.3,0.125,1,3,53.777777776666674
sub-32,pain,2,0.7,0.05,-1,3,74.44444444666665
sub-32,pain,2,0.7,0.05,0,3,70.22222222333333
sub-32,pain,2,0.7,0.05,1,3,85.0
sub-32,pain,2,0.7,0.125,-1,3,90.88888888666668
sub-32,pain,2,0.7,0.125,0,3,73.44444444333334
sub-32,pain,2,0.7,0.125,1,3,67.22222222
sub-32,vision,1,0.3,0.05,-1,3,36.22222222333333
sub-32,vision,1,0.3,0.05,0,3,35.11111111
sub-32,vision,1,0.3,0.05,1,3,42.0
sub-32,vision,1,0.3,0.125,-1,3,39.55555555666667
sub-32,vision,1,0.3,0.125,0,3,61.22222222
sub-32,vision,1,0.3,0.125,1,3,43.77777778
sub-32,vision,1,0.7,0.05,-1,3,64.77777777666667
sub-32,vision,1,0.7,0.05,0,3,66.88888888999999
sub-32,vision,1,0.7,0.05,1,3,58.666666666666664
sub-32,vision,1,0.7,0.125,-1,3,68.88888888666666
sub-32,vision,1,0.7,0.125,0,3,59.333333333333336
sub-32,vision,1,0.7,0.125,1,3,75.77777777666667
sub-32,vision,2,0.3,0.05,-1,3,41.77777778
sub-32,vision,2,0.3,0.05,0,3,51.0
sub-32,vision,2,0.3,0.05,1,3,46.55555555666666
sub-32,vision,2,0.3,0.125,-1,3,48.11111111333333
sub-32,vision,2,0.3,0.125,0,3,52.333333333333336
sub-32,vision,2,0.3,0.125,1,3,49.55555555666666
sub-32,vision,2,0.7,0.05,-1,3,71.11111111000001
sub-32,vision,2,0.7,0.05,0,3,68.44444444333334
sub-32,vision,2,0.7,0.05,1,3,69.66666666666667
sub-32,vision,2,0.7,0.125,-1,3,61.333333333333336
sub-32,vision,2,0.7,0.125,0,3,70.99999999666666
sub-32,vision,2,0.7,0.125,1,3,82.0
sub-33,pain,1,0.3,0.05,-1,3,67.0
sub-33,pain,1,0.3,0.05,0,3,69.11111111000001
sub-33,pain,1,0.3,0.05,1,3,63.55555555666666
sub-33,pain,1,0.3,0.125,-1,3,53.777777777666664
sub-33,pain,1,0.3,0.125,0,3,71.77777778
sub-33,pain,1,0.3,0.125,1,3,81.11111111000001
sub-33,pain,1,0.7,0.05,-1,3,85.55555555666666
sub-33,pain,1,0.7,0.05,0,3,87.88888888999999
sub-33,pain,1,0.7,0.05,1,3,92.0
sub-33,pain,1,0.7,0.125,-1,3,75.22222222
sub-33,pain,1,0.7,0.125,0,3,83.66666666666667
sub-33,pain,1,0.7,0.125,1,3,85.44444444333334
sub-33,pain,2,0.3,0.05,-1,3,85.22222222
sub-33,pain,2,0.3,0.05,0,3,77.44444444333334
sub-33,pain,2,0.3,0.05,1,3,83.22222222
sub-33,pain,2,0.3,0.125,-1,3,81.88888888999999
sub-33,pain,2,0.3,0.125,0,3,85.77777777666667
sub-33,pain,2,0.3,0.125,1,3,81.88888888666668
sub-33,pain,2,0.7,0.05,-1,3,81.88888888999999
sub-33,pain,2,0.7,0.05,0,3,81.44444444666665
sub-33,pain,2,0.7,0.05,1,3,87.77777777666667
sub-33,pain,2,0.7,0.125,-1,3,63.44444444333334
sub-33,pain,2,0.7,0.125,0,3,86.44444444333334
sub-33,pain,2,0.7,0.125,1,3,100.0
sub-33,vision,1,0.3,0.05,-1,3,49.11111111
sub-33,vision,1,0.3,0.05,0,3,47.444444446666665
sub-33,vision,1,0.3,0.05,1,3,42.44444444333333
sub-33,vision,1,0.3,0.125,-1,3,44.333333333333336
sub-33,vision,1,0.3,0.125,0,3,42.88888889
sub-33,vision,1,0.3,0.125,1,3,51.666666666666664
sub-33,vision,1,0.7,0.05,-1,3,72.11111111000001
sub-33,vision,1,0.7,0.05,0,3,66.0
sub-33,vision,1,0.7,0.05,1,3,70.22222222
sub-33,vision,1,0.7,0.125,-1,3,68.22222222333333
sub-33,vision,1,0.7,0.125,0,3,73.88888888999999
sub-33,vision,1,0.7,0.125,1,3,64.55555555666666
sub-33,vision,2,0.3,0.05,-1,3,38.444444446666665
sub-33,vision,2,0.3,0.05,0,3,60.666666666666664
sub-33,vision,2,0.3,0.05,1,3,55.77777778
sub-33,vision,2,0.3,0.125,-1,3,39.88888889
sub-33,vision,2,0.3,0.125,0,3,54.222222223333326
sub-33,vision,2,0.3,0.125,1,3,56.777777776666674
sub-33,vision,2,0.7,0.05,-1,3,60.11111111
sub-33,vision,2,0.7,0.05,0,3,65.88888888999999
sub-33,vision,2,0.7,0.05,1,3,68.44444444666665
sub-33,vision,2,0.7,0.125,-1,3,68.44444444666667
sub-33,vision,2,0.7,0.125,0,3,65.22222222
sub-33,vision,2,0.7,0.125,1,3,67.55555555666666
sub-34,pain,1,0.3,0.05,-1,3,49.333333333333336
sub-34,pain,1,0.3,0.05,0,3,46.11111111
sub-34,pain,1,0.3,0.05,1,3,32.333333333333336
sub-34,pain,1,0.3,0.125,-1,3,51.11111111
sub-34,pain,1,0.3,0.125,0,3,24.777777779999997
sub-34,pain,1,0.3,0.125,1,3,39.77777777666667
sub-34,pain,1,0.7,0.05,-1,3,62.88888889
sub-34,pain,1,0.7,0.05,0,3,54.22222222
sub-34,pain,1,0.7,0.05,1,3,71.55555555666666
sub-34,pain,1,0.7,0.125,-1,3,68.00000000333334
sub-34,pain,1,0.7,0.125,0,3,67.44444444666665
sub-34,pain,1,0.7,0.125,1,3,48.77777778
sub-34,pain,2,0.3,0.05,-1,3,73.66666666666667
sub-34,pain,2,0.3,0.05,0,3,57.11111111
sub-34,pain,2,0.3,0.05,1,3,52.55555555666666
sub-34,pain,2,0.3,0.125,-1,3,58.777777776666674
sub-34,pain,2,0.3,0.125,0,3,76.11111111000001
sub-34,pain,2,0.3,0.125,1,3,79.44444444333334
sub-34,pain,2,0.7,0.05,-1,3,83.22222222333333
sub-34,pain,2,0.7,0.05,0,3,77.66666667
sub-34,pain,2,0.7,0.05,1,3,76.55555555666666
sub-34,pain,2,0.7,0.125,-1,3,80.0
sub-34,pain,2,0.7,0.125,0,3,85.55555555333335
sub-34,pain,2,0.7,0.125,1,3,84.66666666666667
sub-34,vision,1,0.3,0.05,-1,3,35.666666666666664
sub-34,vision,1,0.3,0.05,0,3,35.77777778
sub-34,vision,1,0.3,0.05,1,3,33.444444446666665
sub-34,vision,1,0.3,0.125,-1,3,45.222222223333326
sub-34,vision,1,0.3,0.125,0,3,27.444444446666665
sub-34,vision,1,0.3,0.125,1,3,46.88888889
sub-34,vision,1,0.7,0.05,-1,3,43.88888888666667
sub-34,vision,1,0.7,0.05,0,3,49.55555555666666
sub-34,vision,1,0.7,0.05,1,3,28.555555556666665
sub-34,vision,1,0.7,0.125,-1,2,38.83333333
sub-34,vision,1,0.7,0.125,0,3,30.555555553333335
sub-34,vision,1,0.7,0.125,1,3,38.77777777666667
sub-34,vision,2,0.3,0.05,-1,2,67.66666667
sub-34,vision,2,0.3,0.05,0,2,79.16666666500001
sub-34,vision,2,0.3,0.05,1,3,72.88888888666668
sub-34,vision,2,0.3,0.125,-1,3,63.666666670000005
sub-34,vision,2,0.3,0.125,0,3,63.333333329999995
sub-34,vision,2,0.3,0.125,1,3,70.0
sub-34,vision,2,0.7,0.05,-1,2,59.0
sub-34,vision,2,0.7,0.05,0,3,75.44444444333334
sub-34,vision,2,0.7,0.05,1,3,79.0
sub-34,vision,2,0.7,0.125,-1,3,63.44444444666666
sub-34,vision,2,0.7,0.125,0,3,74.55555555666666
sub-34,vision,2,0.7,0.125,1,3,69.11111111333332
sub-35,pain,1,0.3,0.05,-1,3,16.111111112333333
sub-35,pain,1,0.3,0.05,0,3,34.0
sub-35,pain,1,0.3,0.05,1,3,17.666666667666664
sub-35,pain,1,0.3,0.125,-1,2,12.0
sub-35,pain,1,0.3,0.125,0,3,41.22222222
sub-35,pain,1,0.3,0.125,1,3,35.666666666666664
sub-35,pain,1,0.7,0.05,-1,3,33.55555555666667
sub-35,pain,1,0.7,0.05,0,2,52.66666667
sub-35,pain,1,0.7,0.05,1,3,35.33333333
sub-35,pain,1,0.7,0.125,-1,2,50.333333335
sub-35,pain,1,0.7,0.125,0,3,38.55555555666667
sub-35,pain,1,0.7,0.125,1,3,58.0
sub-35,pain,2,0.3,0.05,-1,3,49.555555553333335
sub-35,pain,2,0.3,0.05,0,2,39.0
sub-35,pain,2,0.3,0.05,1,3,44.55555555666666
sub-35,pain,2,0.3,0.125,-1,3,36.44444444333333
sub-35,pain,2,0.3,0.125,0,3,57.44444444333334
sub-35,pain,2,0.3,0.125,1,3,64.22222222333333
sub-35,pain,2,0.7,0.05,-1,2,72.5
sub-35,pain,2,0.7,0.05,0,3,51.777777776666674
sub-35,pain,2,0.7,0.05,1,3,73.88888888999999
sub-35,pain,2,0.7,0.125,-1,3,73.66666666666667
sub-35,pain,2,0.7,0.125,0,2,54.0
sub-35,pain,2,0.7,0.125,1,2,59.0
sub-35,vision,1,0.3,0.05,-1,3,30.222222223333333
sub-35,vision,1,0.3,0.05,0,2,23.166666665
sub-35,vision,1,0.3,0.05,1,2,40.166666665
sub-35,vision,1,0.3,0.125,-1,2,30.666666665
sub-35,vision,1,0.3,0.125,0,3,44.88888889
sub-35,vision,1,0.3,0.125,1,2,34.5
sub-35,vision,1,0.7,0.05,-1,2,36.333333335
sub-35,vision,1,0.7,0.05,0,3,57.55555555666666
sub-35,vision,1,0.7,0.05,1,3,59.222222223333326
sub-35,vision,1,0.7,0.125,-1,2,69.66666666500001
sub-35,vision,1,0.7,0.125,0,3,48.0
sub-35,vision,1,0.7,0.125,1,3,57.222222223333326
sub-35,vision,2,0.3,0.05,-1,2,49.5
sub-35,vision,2,0.3,0.05,0,3,50.666666666666664
sub-35,vision,2,0.3,0.05,1,3,38.66666666333334
sub-35,vision,2,0.3,0.125,-1,3,37.666666666666664
sub-35,vision,2,0.3,0.125,0,3,46.0
sub-35,vision,2,0.3,0.125,1,3,71.0
sub-35,vision,2,0.7,0.05,-1,3,54.666666666666664
sub-35,vision,2,0.7,0.05,0,3,62.44444444333334
sub-35,vision,2,0.7,0.05,1,3,78.77777777666667
sub-35,vision,2,0.7,0.125,-1,2,48.666666665
sub-35,vision,2,0.7,0.125,0,2,65.0
sub-35,vision,2,0.7,0.125,1,3,63.22222222
sub-36,pain,1,0.3,0.05,-1,3,47.222222223333326
sub-36,pain,1,0.3,0.05,0,3,34.22222222333333
sub-36,pain,1,0.3,0.05,1,3,38.666666666666664
sub-36,pain,1,0.3,0.125,-1,3,23.11111111
sub-36,pain,1,0.3,0.125,0,3,26.777777777666667
sub-36,pain,1,0.3,0.125,1,3,23.11111111
sub-36,pain,1,0.7,0.05,-1,3,32.777777777666664
sub-36,pain,1,0.7,0.05,0,3,21.222222220000003
sub-36,pain,1,0.7,0.05,1,3,40.666666669
sub-36,pain,1,0.7,0.125,-1,3,43.666666666666664
sub-36,pain,1,0.7,0.125,0,3,40.0
sub-36,pain,1,0.7,0.125,1,3,24.666666666666668
sub-36,pain,2,0.3,0.05,-1,3,43.666666670000005
sub-36,pain,2,0.3,0.05,0,3,49.11111111333333
sub-36,pain,2,0.3,0.05,1,3,45.777777776666674
sub-36,pain,2,0.3,0.125,-1,3,37.666666666666664
sub-36,pain,2,0.3,0.125,0,3,44.11111111099999
sub-36,pain,2,0.3,0.125,1,3,43.55555555666666
sub-36,pain,2,0.7,0.05,-1,3,57.77777778
sub-36,pain,2,0.7,0.05,0,3,51.888888890000004
sub-36,pain,2,0.7,0.05,1,3,39.11111111233333
sub-36,pain,2,0.7,0.125,-1,3,54.666666666666664
sub-36,pain,2,0.7,0.125,0,3,43.11111111099999
sub-36,pain,2,0.7,0.125,1,3,47.55555555666666
sub-36,vision,1,0.3,0.05,-1,3,73.55555555666666
sub-36,vision,1,0.3,0.05,0,3,72.88888888999999
sub-36,vision,1,0.3,0.05,1,3,75.0
sub-36,vision,1,0.3,0.125,-1,3,76.22222222333333
sub-36,vision,1,0.3,0.125,0,3,72.66666666666667
sub-36,vision,1,0.3,0.125,1,3,76.88888888666666
sub-36,vision,1,0.7,0.05,-1,3,68.11111111000001
sub-36,vision,1,0.7,0.05,0,3,69.88888888666666
sub-36,vision,1,0.7,0.05,1,3,77.77777778
sub-36,vision,1,0.7,0.125,-1,3,72.44444444666665
sub-36,vision,1,0.7,0.125,0,3,77.77777777666667
sub-36,vision,1,0.7,0.125,1,3,77.33333333333333
sub-36,vision,2,0.3,0.05,-1,3,84.44444444333334
sub-36,vision,2,0.3,0.05,0,3,75.44444444333334
sub-36,vision,2,0.3,0.05,1,3,84.66666666666667
sub-36,vision,2,0.3,0.125,-1,3,84.33333333333333
sub-36,vision,2,0.3,0.125,0,3,74.55555555666666
sub-36,vision,2,0.3,0.125,1,3,83.77777777666667
sub-36,vision,2,0.7,0.05,-1,3,81.66666666666667
sub-36,vision,2,0.7,0.05,0,3,78.33333333333333
sub-36,vision,2,0.7,0.05,1,3,83.0
sub-36,vision,2,0.7,0.125,-1,3,82.33333333333333
sub-36,vision,2,0.7,0.125,0,3,73.55555555333335
sub-36,vision,2,0.7,0.125,1,3,87.33333333
sub-37,pain,1,0.3,0.05,-1,3,10.333333332333334
sub-37,pain,1,0.3,0.05,0,3,18.0
sub-37,pain,1,0.3,0.05,1,3,3.1111111113333334
sub-37,pain,1,0.3,0.125,-1,3,12.222222223333333
sub-37,pain,1,0.3,0.125,0,3,3.88888889
sub-37,pain,1,0.3,0.125,1,3,8.666666667666666
sub-37,pain,1,0.7,0.05,-1,3,20.666666664333334
sub-37,pain,1,0.7,0.05,0,3,38.222222221
sub-37,pain,1,0.7,0.05,1,3,9.111111111
sub-37,pain,1,0.7,0.125,-1,3,34.44444444333333
sub-37,pain,1,0.7,0.125,0,3,6.666666667666667
sub-37,pain,1,0.7,0.125,1,3,17.111111112333333
sub-37,pain,2,0.3,0.05,-1,3,18.222222223333333
sub-37,pain,2,0.3,0.05,0,3,28.99999999666667
sub-37,pain,2,0.3,0.05,1,3,14.333333333333334
sub-37,pain,2,0.3,0.125,-1,3,19.11111111
sub-37,pain,2,0.3,0.125,0,3,7.666666666666667
sub-37,pain,2,0.3,0.125,1,3,10.333333334333334
sub-37,pain,2,0.7,0.05,-1,3,53.11111111
sub-37,pain,2,0.7,0.05,0,3,39.11111111333333
sub-37,pain,2,0.7,0.05,1,3,26.222222222333333
sub-37,pain,2,0.7,0.125,-1,3,45.11111111
sub-37,pain,2,0.7,0.125,0,3,13.0
sub-37,pain,2,0.7,0.125,1,3,18.999999999
sub-37,vision,1,0.3,0.05,-1,3,32.999999996666666
sub-37,vision,1,0.3,0.05,0,3,31.555555556666665
sub-37,vision,1,0.3,0.05,1,2,38.166666665
sub-37,vision,1,0.3,0.125,-1,3,39.000000003333334
sub-37,vision,1,0.3,0.125,0,2,36.166666665
sub-37,vision,1,0.3,0.125,1,3,41.77777777666667
sub-37,vision,1,0.7,0.05,-1,3,47.555555553333335
sub-37,vision,1,0.7,0.05,0,3,48.11111111
sub-37,vision,1,0.7,0.05,1,3,48.22222222
sub-37,vision,1,0.7,0.125,-1,3,49.11111111333333
sub-37,vision,1,0.7,0.125,0,2,48.833333335
sub-37,vision,1,0.7,0.125,1,3,42.22222222
sub-37,vision,2,0.3,0.05,-1,3,48.0
sub-37,vision,2,0.3,0.05,0,3,43.555555553333335
sub-37,vision,2,0.3,0.05,1,3,63.33333333666667
sub-37,vision,2,0.3,0.125,-1,3,42.22222222
sub-37,vision,2,0.3,0.125,0,3,45.0
sub-37,vision,2,0.3,0.125,1,3,53.333333333333336
sub-37,vision,2,0.7,0.05,-1,3,54.88888889
sub-37,vision,2,0.7,0.05,0,3,54.666666666666664
sub-37,vision,2,0.7,0.05,1,3,61.444444446666665
sub-37,vision,2,0.7,0.125,-1,3,60.44444444333334
sub-37,vision,2,0.7,0.125,0,3,56.11111111
sub-37,vision,2,0.7,0.125,1,3,53.0
sub-38,pain,1,0.3,0.05,-1,2,52.0
sub-38,pain,1,0.3,0.05,0,2,23.83333333
sub-38,pain,1,0.3,0.05,1,2,47.333333335
sub-38,pain,1,0.3,0.125,-1,2,33.66666667
sub-38,pain,1,0.3,0.125,0,2,34.5
sub-38,pain,1,0.3,0.125,1,2,45.333333335
sub-38,pain,1,0.7,0.05,-1,2,47.333333335
sub-38,pain,1,0.7,0.05,0,2,40.16666667
sub-38,pain,1,0.7,0.05,1,2,71.83333333499999
sub-38,pain,1,0.7,0.125,-1,2,57.83333333
sub-38,pain,1,0.7,0.125,0,2,55.83333333
sub-38,pain,1,0.7,0.125,1,2,65.66666667
sub-38,pain,2,0.3,0.05,-1,2,38.0
sub-38,pain,2,0.3,0.05,0,2,58.833333335
sub-38,pain,2,0.3,0.05,1,2,51.0
sub-38,pain,2,0.3,0.125,-1,2,60.66666667
sub-38,pain,2,0.3,0.125,0,2,41.5
sub-38,pain,2,0.3,0.125,1,2,48.33333333
sub-38,pain,2,0.7,0.05,-1,2,52.666666665
sub-38,pain,2,0.7,0.05,0,2,61.33333333
sub-38,pain,2,0.7,0.05,1,2,64.5
sub-38,pain,2,0.7,0.125,-1,2,63.166666665
sub-38,pain,2,0.7,0.125,0,2,64.5
sub-38,pain,2,0.7,0.125,1,2,54.83333333
sub-38,vision,1,0.3,0.05,-1,2,32.0
sub-38,vision,1,0.3,0.05,0,2,55.166666665
sub-38,vision,1,0.3,0.05,1,2,53.333333335
sub-38,vision,1,0.3,0.125,-1,2,56.83333333
sub-38,vision,1,0.3,0.125,0,2,66.16666666500001
sub-38,vision,1,0.3,0.125,1,2,75.83333333499999
sub-38,vision,1,0.7,0.05,-1,1,65.33333333
sub-38,vision,1,0.7,0.05,0,2,69.0
sub-38,vision,1,0.7,0.05,1,2,78.83333333499999
sub-38,vision,1,0.7,0.125,-1,2,73.16666666500001
sub-38,vision,1,0.7,0.125,0,2,75.66666666500001
sub-38,vision,1,0.7,0.125,1,2,76.0
sub-38,vision,2,0.3,0.05,-1,2,58.666666665
sub-38,vision,2,0.3,0.05,0,2,48.5
sub-38,vision,2,0.3,0.05,1,2,62.333333335
sub-38,vision,2,0.3,0.125,-1,2,42.0
sub-38,vision,2,0.3,0.125,0,2,67.0
sub-38,vision,2,0.3,0.125,1,2,57.5
sub-38,vision,2,0.7,0.05,-1,2,61.5
sub-38,vision,2,0.7,0.05,0,2,71.5
sub-38,vision,2,0.7,0.05,1,2,91.33333333499999
sub-38,vision,2,0.7,0.125,-1,2,69.66666667
sub-38,vision,2,0.7,0.125,0,2,77.66666666500001
sub-38,vision,2,0.7,0.125,1,2,61.33333333
sub-39,pain,1,0.3,0.05,-1,3,32.44444444333333
sub-39,pain,1,0.3,0.05,0,3,20.222222223333333
sub-39,pain,1,0.3,0.05,1,3,18.11111111
sub-39,pain,1,0.3,0.125,-1,3,26.88888889
sub-39,pain,1,0.3,0.125,0,3,29.666666667666664
sub-39,pain,1,0.3,0.125,1,3,19.333333333333332
sub-39,pain,1,0.7,0.05,-1,3,36.333333333333336
sub-39,pain,1,0.7,0.05,0,3,45.555555553333335
sub-39,pain,1,0.7,0.05,1,3,27.888888890999997
sub-39,pain,1,0.7,0.125,-1,3,43.222222223333326
sub-39,pain,1,0.7,0.125,0,3,36.44444444566667
sub-39,pain,1,0.7,0.125,1,3,21.888888886666667
sub-39,pain,2,0.3,0.05,-1,3,73.0
sub-39,pain,2,0.3,0.05,0,3,66.44444444666665
sub-39,pain,2,0.3,0.05,1,3,41.777777777666664
sub-39,pain,2,0.3,0.125,-1,3,66.55555555666666
sub-39,pain,2,0.3,0.125,0,3,44.999999999
sub-39,pain,2,0.3,0.125,1,3,43.666666666666664
sub-39,pain,2,0.7,0.05,-1,3,55.333333333333336
sub-39,pain,2,0.7,0.05,0,3,76.11111111000001
sub-39,pain,2,0.7,0.05,1,3,39.555555557666665
sub-39,pain,2,0.7,0.125,-1,3,63.55555555666666
sub-39,pain,2,0.7,0.125,0,3,50.666666666666664
sub-39,pain,2,0.7,0.125,1,3,51.444444446666665
sub-39,vision,1,0.3,0.05,-1,3,34.666666666666664
sub-39,vision,1,0.3,0.05,0,3,57.88888888666667
sub-39,vision,1,0.3,0.05,1,3,32.0
sub-39,vision,1,0.3,0.125,-1,3,42.555555553333335
sub-39,vision,1,0.3,0.125,0,3,42.22222222
sub-39,vision,1,0.3,0.125,1,3,47.777777776666674
sub-39,vision,1,0.7,0.05,-1,3,50.44444444333334
sub-39,vision,1,0.7,0.05,0,3,44.55555555666666
sub-39,vision,1,0.7,0.05,1,3,57.88888889
sub-39,vision,1,0.7,0.125,-1,3,42.666666666666664
sub-39,vision,1,0.7,0.125,0,3,44.666666666666664
sub-39,vision,1,0.7,0.125,1,3,56.77777778
sub-39,vision,2,0.3,0.05,-1,3,68.66666666666667
sub-39,vision,2,0.3,0.05,0,3,67.99999999666666
sub-39,vision,2,0.3,0.05,1,3,60.88888888666667
sub-39,vision,2,0.3,0.125,-1,3,55.222222223333326
sub-39,vision,2,0.3,0.125,0,3,52.00000000000001
sub-39,vision,2,0.3,0.125,1,3,62.11111111
sub-39,vision,2,0.7,0.05,-1,3,71.88888888666668
sub-39,vision,2,0.7,0.05,0,3,77.44444444666665
sub-39,vision,2,0.7,0.05,1,3,51.222222223333326
sub-39,vision,2,0.7,0.125,-1,3,66.55555555666666
sub-39,vision,2,0.7,0.125,0,3,74.0
sub-39,vision,2,0.7,0.125,1,3,70.77777778
sub-40,pain,1,0.3,0.05,-1,3,22.222222223333333
sub-40,pain,1,0.3,0.05,0,3,16.11111111
sub-40,pain,1,0.3,0.05,1,3,28.666666666666668
sub-40,pain,1,0.3,0.125,-1,3,24.222222221
sub-40,pain,1,0.3,0.125,0,3,18.444444443333335
sub-40,pain,1,0.3,0.125,1,3,50.666666666666664
sub-40,pain,1,0.7,0.05,-1,3,30.44444444433333
sub-40,pain,1,0.7,0.05,0,3,36.0
sub-40,pain,1,0.7,0.05,1,3,35.999999999
sub-40,pain,1,0.7,0.125,-1,3,32.666666666666664
sub-40,pain,1,0.7,0.125,0,3,25.888888886666667
sub-40,pain,1,0.7,0.125,1,3,36.555555553333335
sub-40,pain,2,0.3,0.05,-1,3,22.333333332333336
sub-40,pain,2,0.3,0.05,0,3,36.666666666666664
sub-40,pain,2,0.3,0.05,1,3,32.88888889
sub-40,pain,2,0.3,0.125,-1,3,18.444444445666665
sub-40,pain,2,0.3,0.125,0,3,47.11111111333333
sub-40,pain,2,0.3,0.125,1,3,32.88888889
sub-40,pain,2,0.7,0.05,-1,3,46.777777776666674
sub-40,pain,2,0.7,0.05,0,3,40.333333333333336
sub-40,pain,2,0.7,0.05,1,3,51.55555555666666
sub-40,pain,2,0.7,0.125,-1,3,45.55555555433333
sub-40,pain,2,0.7,0.125,0,3,38.666666666666664
sub-40,pain,2,0.7,0.125,1,3,50.333333333333336
sub-40,vision,1,0.3,0.05,-1,3,35.0
sub-40,vision,1,0.3,0.05,0,3,51.88888888666667
sub-40,vision,1,0.3,0.05,1,3,37.88888888666667
sub-40,vision,1,0.3,0.125,-1,3,32.22222222333333
sub-40,vision,1,0.3,0.125,0,3,34.55555555666667
sub-40,vision,1,0.3,0.125,1,3,37.88888889
sub-40,vision,1,0.7,0.05,-1,3,43.11111111333333
sub-40,vision,1,0.7,0.05,0,3,56.777777776666674
sub-40,vision,1,0.7,0.05,1,3,51.666666666666664
sub-40,vision,1,0.7,0.125,-1,3,53.999999996666666
sub-40,vision,1,0.7,0.125,0,3,37.77777777666667
sub-40,vision,1,0.7,0.125,1,3,49.88888889
sub-40,vision,2,0.3,0.05,-1,3,40.77777778
sub-40,vision,2,0.3,0.05,0,3,38.11111111
sub-40,vision,2,0.3,0.05,1,3,34.11111111333333
sub-40,vision,2,0.3,0.125,-1,3,38.44444444333333
sub-40,vision,2,0.3,0.125,0,3,35.666666666666664
sub-40,vision,2,0.3,0.125,1,3,43.999999996666666
sub-40,vision,2,0.7,0.05,-1,3,67.55555555666666
sub-40,vision,2,0.7,0.05,0,3,45.777777776666674
sub-40,vision,2,0.7,0.05,1,3,54.555555553333335
sub-40,vision,2,0.7,0.125,-1,3,48.44444444333334
sub-40,vision,2,0.7,0.125,0,3,52.666666666666664
sub-40,vision,2,0.7,0.125,1,3,48.22222222
sub-41,pain,1,0.3,0.05,-1,3,61.333333333333336
sub-41,pain,1,0.3,0.05,0,3,58.11111111333333
sub-41,pain,1,0.3,0.05,1,3,36.77777777666667
sub-41,pain,1,0.3,0.125,-1,3,49.88888889
sub-41,pain,1,0.3,0.125,0,3,55.88888889
sub-41,pain,1,0.3,0.125,1,2,75.5
sub-41,pain,1,0.7,0.05,-1,3,67.44444444333334
sub-41,pain,1,0.7,0.05,0,3,79.44444444666667
sub-41,pain,1,0.7,0.05,1,3,74.77777777666667
sub-41,pain,1,0.7,0.125,-1,2,71.16666666500001
sub-41,pain,1,0.7,0.125,0,3,64.55555555333333
sub-41,pain,1,0.7,0.125,1,3,64.44444444333334
sub-41,pain,2,0.3,0.05,-1,2,88.66666666500001
sub-41,pain,2,0.3,0.05,0,3,75.0
sub-41,pain,2,0.3,0.05,1,3,68.55555555666666
sub-41,pain,2,0.3,0.125,-1,3,65.44444444333334
sub-41,pain,2,0.3,0.125,0,3,84.33333333333333
sub-41,pain,2,0.3,0.125,1,3,73.66666666666667
sub-41,pain,2,0.7,0.05,-1,3,85.88888888999999
sub-41,pain,2,0.7,0.05,0,3,93.88888888999999
sub-41,pain,2,0.7,0.05,1,3,89.88888888999999
sub-41,pain,2,0.7,0.125,-1,3,83.88888888999999
sub-41,pain,2,0.7,0.125,0,3,76.88888888666666
sub-41,pain,2,0.7,0.125,1,3,72.44444444333334
sub-41,vision,1,0.3,0.05,-1,3,37.555555553333335
sub-41,vision,1,0.3,0.05,0,2,34.333333335
sub-41,vision,1,0.3,0.05,1,3,37.11111111333333
sub-41,vision,1,0.3,0.125,-1,2,37.166666665
sub-41,vision,1,0.3,0.125,0,3,59.222222223333326
sub-41,vision,1,0.3,0.125,1,3,53.666666666666664
sub-41,vision,1,0.7,0.05,-1,2,72.16666666500001
sub-41,vision,1,0.7,0.05,0,2,79.33333333499999
sub-41,vision,1,0.7,0.05,1,3,55.22222222
sub-41,vision,1,0.7,0.125,-1,3,71.0
sub-41,vision,1,0.7,0.125,0,3,66.77777778
sub-41,vision,1,0.7,0.125,1,3,71.33333333333333
sub-41,vision,2,0.3,0.05,-1,3,66.0
sub-41,vision,2,0.3,0.05,0,3,62.22222222
sub-41,vision,2,0.3,0.05,1,3,75.88888888999999
sub-41,vision,2,0.3,0.125,-1,3,61.88888889
sub-41,vision,2,0.3,0.125,0,3,76.88888888999999
sub-41,vision,2,0.3,0.125,1,2,91.5
sub-41,vision,2,0.7,0.05,-1,2,66.0
sub-41,vision,2,0.7,0.05,0,3,75.77777777666667
sub-41,vision,2,0.7,0.05,1,3,82.0
sub-41,vision,2,0.7,0.125,-1,2,66.33333333499999
sub-41,vision,2,0.7,0.125,0,3,69.88888888999999
sub-41,vision,2,0.7,0.125,1,3,83.33333333333333
sub-42,pain,1,0.3,0.05,-1,3,43.55555555666666
sub-42,pain,1,0.3,0.05,0,3,44.222222223333326
sub-42,pain,1,0.3,0.05,1,3,40.444444446666665
sub-42,pain,1,0.3,0.125,-1,3,39.666666666666664
sub-42,pain,1,0.3,0.125,0,3,29.222222223333333
sub-42,pain,1,0.3,0.125,1,3,32.0
sub-42,pain,1,0.7,0.05,-1,3,53.222222223333326
sub-42,pain,1,0.7,0.05,0,3,66.11111111333332
sub-42,pain,1,0.7,0.05,1,3,55.777777776666674
sub-42,pain,1,0.7,0.125,-1,3,62.0
sub-42,pain,1,0.7,0.125,0,3,40.77777777666667
sub-42,pain,1,0.7,0.125,1,3,49.88888889
sub-42,pain,2,0.3,0.05,-1,2,69.0
sub-42,pain,2,0.3,0.05,0,3,50.55555555666666
sub-42,pain,2,0.3,0.05,1,3,51.88888889
sub-42,pain,2,0.3,0.125,-1,3,45.88888889
sub-42,pain,2,0.3,0.125,0,3,57.0
sub-42,pain,2,0.3,0.125,1,3,60.88888889
sub-42,pain,2,0.7,0.05,-1,3,63.666666670000005
sub-42,pain,2,0.7,0.05,0,3,68.33333333333333
sub-42,pain,2,0.7,0.05,1,3,57.11111111
sub-42,pain,2,0.7,0.125,-1,3,69.88888888999999
sub-42,pain,2,0.7,0.125,0,3,58.777777776666674
sub-42,pain,2,0.7,0.125,1,3,53.444444446666665
sub-42,vision,1,0.3,0.05,-1,3,37.77777777666667
sub-42,vision,1,0.3,0.05,0,3,43.55555555666666
sub-42,vision,1,0.3,0.05,1,3,44.333333333333336
sub-42,vision,1,0.3,0.125,-1,2,38.666666665
sub-42,vision,1,0.3,0.125,0,3,36.0
sub-42,vision,1,0.3,0.125,1,3,49.666666666666664
sub-42,vision,1,0.7,0.05,-1,3,55.666666666666664
sub-42,vision,1,0.7,0.05,0,3,55.11111111
sub-42,vision,1,0.7,0.05,1,3,49.777777776666674
sub-42,vision,1,0.7,0.125,-1,3,55.666666666666664
sub-42,vision,1,0.7,0.125,0,3,48.777777776666674
sub-42,vision,1,0.7,0.125,1,3,54.55555555666666
sub-42,vision,2,0.3,0.05,-1,2,54.833333335
sub-42,vision,2,0.3,0.05,0,3,48.333333333333336
sub-42,vision,2,0.3,0.05,1,3,47.555555553333335
sub-42,vision,2,0.3,0.125,-1,3,50.666666666666664
sub-42,vision,2,0.3,0.125,0,3,55.88888889
sub-42,vision,2,0.3,0.125,1,3,58.777777776666674
sub-42,vision,2,0.7,0.05,-1,3,63.22222222
sub-42,vision,2,0.7,0.05,0,3,54.111111109999996
sub-42,vision,2,0.7,0.05,1,3,64.55555555666666
sub-42,vision,2,0.7,0.125,-1,3,52.11111111
sub-42,vision,2,0.7,0.125,0,3,50.55555555666666
sub-42,vision,2,0.7,0.125,1,3,66.66666666666667
sub-43,pain,1,0.3,0.05,-1,3,34.22222222333333
sub-43,pain,1,0.3,0.05,0,3,32.666666666666664
sub-43,pain,1,0.3,0.05,1,3,32.666666666666664
sub-43,pain,1,0.3,0.125,-1,3,39.0
sub-43,pain,1,0.3,0.125,0,3,31.666666666666668
sub-43,pain,1,0.3,0.125,1,3,39.444444446666665
sub-43,pain,1,0.7,0.05,-1,3,53.0
sub-43,pain,1,0.7,0.05,0,3,48.777777776666674
sub-43,pain,1,0.7,0.05,1,3,23.88888889
sub-43,pain,1,0.7,0.125,-1,3,48.88888888666667
sub-43,pain,1,0.7,0.125,0,3,37.88888889
sub-43,pain,1,0.7,0.125,1,3,40.77777778
sub-43,pain,2,0.3,0.05,-1,3,51.555555553333335
sub-43,pain,2,0.3,0.05,0,3,57.666666666666664
sub-43,pain,2,0.3,0.05,1,3,55.444444446666665
sub-43,pain,2,0.3,0.125,-1,3,46.88888889
sub-43,pain,2,0.3,0.125,0,3,58.22222222
sub-43,pain,2,0.3,0.125,1,3,57.222222223333326
sub-43,pain,2,0.7,0.05,-1,3,52.11111111
sub-43,pain,2,0.7,0.05,0,3,60.333333333333336
sub-43,pain,2,0.7,0.05,1,3,70.44444444666665
sub-43,pain,2,0.7,0.125,-1,3,64.22222222333333
sub-43,pain,2,0.7,0.125,0,3,65.44444444333334
sub-43,pain,2,0.7,0.125,1,3,76.22222222333333
sub-43,vision,1,0.3,0.05,-1,3,43.11111111
sub-43,vision,1,0.3,0.05,0,3,47.666666666666664
sub-43,vision,1,0.3,0.05,1,2,51.33333333
sub-43,vision,1,0.3,0.125,-1,3,53.88888889
sub-43,vision,1,0.3,0.125,0,3,50.666666666666664
sub-43,vision,1,0.3,0.125,1,3,46.88888888666667
sub-43,vision,1,0.7,0.05,-1,3,62.0
sub-43,vision,1,0.7,0.05,0,3,59.88888888666668
sub-43,vision,1,0.7,0.05,1,3,57.11111111
sub-43,vision,1,0.7,0.125,-1,3,54.333333333333336
sub-43,vision,1,0.7,0.125,0,3,44.11111111
sub-43,vision,1,0.7,0.125,1,3,60.0
sub-43,vision,2,0.3,0.05,-1,3,60.666666666666664
sub-43,vision,2,0.3,0.05,0,3,62.77777778
sub-43,vision,2,0.3,0.05,1,3,63.777777776666674
sub-43,vision,2,0.3,0.125,-1,3,65.00000000333334
sub-43,vision,2,0.3,0.125,0,3,69.11111111000001
sub-43,vision,2,0.3,0.125,1,3,71.88888888999999
sub-43,vision,2,0.7,0.05,-1,3,65.22222222333333
sub-43,vision,2,0.7,0.05,0,3,62.0
sub-43,vision,2,0.7,0.05,1,3,70.33333333
sub-43,vision,2,0.7,0.125,-1,3,70.55555555333335
sub-43,vision,2,0.7,0.125,0,3,65.55555555666666
sub-43,vision,2,0.7,0.125,1,3,70.44444444333334
sub-44,pain,1,0.3,0.05,-1,3,43.44444444333334
sub-44,pain,1,0.3,0.05,0,3,40.0
sub-44,pain,1,0.3,0.05,1,3,36.666666666666664
sub-44,pain,1,0.3,0.125,-1,3,51.666666666666664
sub-44,pain,1,0.3,0.125,0,3,31.333333333333332
sub-44,pain,1,0.3,0.125,1,3,42.55555555666667
sub-44,pain,1,0.7,0.05,-1,3,64.88888888999999
sub-44,pain,1,0.7,0.05,0,2,57.833333335
sub-44,pain,1,0.7,0.05,1,3,45.777777776666674
sub-44,pain,1,0.7,0.125,-1,2,76.16666666500001
sub-44,pain,1,0.7,0.125,0,3,45.222222223333326
sub-44,pain,1,0.7,0.125,1,3,46.0
sub-44,pain,2,0.3,0.05,-1,3,49.222222223333326
sub-44,pain,2,0.3,0.05,0,3,60.333333333333336
sub-44,pain,2,0.3,0.05,1,3,48.777777776666674
sub-44,pain,2,0.3,0.125,-1,3,47.55555555666666
sub-44,pain,2,0.3,0.125,0,3,49.77777778
sub-44,pain,2,0.3,0.125,1,3,45.44444444333333
sub-44,pain,2,0.7,0.05,-1,3,70.55555555666666
sub-44,pain,2,0.7,0.05,0,3,70.55555555666666
sub-44,pain,2,0.7,0.05,1,3,70.11111111000001
sub-44,pain,2,0.7,0.125,-1,3,70.22222222333333
sub-44,pain,2,0.7,0.125,0,3,66.66666667
sub-44,pain,2,0.7,0.125,1,3,58.55555555666667
sub-44,vision,1,0.3,0.05,-1,3,46.222222223333326
sub-44,vision,1,0.3,0.05,0,3,45.666666670000005
sub-44,vision,1,0.3,0.05,1,3,47.777777776666674
sub-44,vision,1,0.3,0.125,-1,3,46.88888888666667
sub-44,vision,1,0.3,0.125,0,3,43.666666666666664
sub-44,vision,1,0.3,0.125,1,3,37.22222222
sub-44,vision,1,0.7,0.05,-1,3,53.11111111
sub-44,vision,1,0.7,0.05,0,3,53.444444446666665
sub-44,vision,1,0.7,0.05,1,3,51.777777776666674
sub-44,vision,1,0.7,0.125,-1,3,60.44444444333334
sub-44,vision,1,0.7,0.125,0,3,52.44444444333334
sub-44,vision,1,0.7,0.125,1,3,52.55555555666666
sub-44,vision,2,0.3,0.05,-1,3,50.333333333333336
sub-44,vision,2,0.3,0.05,0,3,54.22222222
sub-44,vision,2,0.3,0.05,1,3,59.555555553333335
sub-44,vision,2,0.3,0.125,-1,3,51.55555555666666
sub-44,vision,2,0.3,0.125,0,3,54.0
sub-44,vision,2,0.3,0.125,1,3,55.88888889
sub-44,vision,2,0.7,0.05,-1,3,60.55555555666666
sub-44,vision,2,0.7,0.05,0,3,63.444444446666665
sub-44,vision,2,0.7,0.05,1,3,57.88888888666667
sub-44,vision,2,0.7,0.125,-1,3,69.88888888666668
sub-44,vision,2,0.7,0.125,0,3,58.222222223333326
sub-44,vision,2,0.7,0.125,1,3,63.444444446666665
sub-45,pain,1,0.3,0.05,-1,3,40.77777777666667
sub-45,pain,1,0.3,0.05,0,3,50.222222223333326
sub-45,pain,1,0.3,0.05,1,3,48.77777778
sub-45,pain,1,0.3,0.125,-1,3,49.55555555666666
sub-45,pain,1,0.3,0.125,0,3,71.33333333333333
sub-45,pain,1,0.3,0.125,1,3,50.11111111333333
sub-45,pain,1,0.7,0.05,-1,3,53.222222223333326
sub-45,pain,1,0.7,0.05,0,3,54.55555555666666
sub-45,pain,1,0.7,0.05,1,3,55.88888889
sub-45,pain,1,0.7,0.125,-1,3,48.333333333333336
sub-45,pain,1,0.7,0.125,0,3,55.44444444333334
sub-45,pain,1,0.7,0.125,1,3,63.11111111333332
sub-45,pain,2,0.3,0.05,-1,3,48.11111111333333
sub-45,pain,2,0.3,0.05,0,3,60.555555553333335
sub-45,pain,2,0.3,0.05,1,3,64.22222222
sub-45,pain,2,0.3,0.125,-1,3,64.33333333
sub-45,pain,2,0.3,0.125,0,3,52.22222222
sub-45,pain,2,0.3,0.125,1,3,61.777777776666674
sub-45,pain,2,0.7,0.05,-1,3,71.66666666666667
sub-45,pain,2,0.7,0.05,0,3,58.55555555666666
sub-45,pain,2,0.7,0.05,1,3,67.55555555333333
sub-45,pain,2,0.7,0.125,-1,3,66.88888888999999
sub-45,pain,2,0.7,0.125,0,3,81.77777777666667
sub-45,pain,2,0.7,0.125,1,3,66.55555555333335
sub-45,vision,1,0.3,0.05,-1,2,47.83333333
sub-45,vision,1,0.3,0.05,0,1,32.66666667
sub-45,vision,1,0.3,0.05,1,3,46.88888889
sub-45,vision,1,0.3,0.125,-1,2,34.666666665
sub-45,vision,1,0.3,0.125,0,3,41.22222222333333
sub-45,vision,1,0.3,0.125,1,2,40.166666665
sub-45,vision,1,0.7,0.05,-1,3,50.44444444333334
sub-45,vision,1,0.7,0.05,0,3,51.666666666666664
sub-45,vision,1,0.7,0.05,1,3,42.999999996666666
sub-45,vision,1,0.7,0.125,-1,3,51.44444444333334
sub-45,vision,1,0.7,0.125,0,3,39.88888889
sub-45,vision,1,0.7,0.125,1,3,53.0
sub-45,vision,2,0.3,0.05,-1,3,55.666666670000005
sub-45,vision,2,0.3,0.05,0,3,57.222222223333326
sub-45,vision,2,0.3,0.05,1,3,63.777777776666674
sub-45,vision,2,0.3,0.125,-1,3,76.33333333333333
sub-45,vision,2,0.3,0.125,0,3,51.333333333333336
sub-45,vision,2,0.3,0.125,1,2,52.16666667
sub-45,vision,2,0.7,0.05,-1,3,48.22222222
sub-45,vision,2,0.7,0.05,0,3,74.11111111000001
sub-45,vision,2,0.7,0.05,1,2,50.166666665
sub-45,vision,2,0.7,0.125,-1,3,69.44444444333334
sub-45,vision,2,0.7,0.125,0,3,46.55555555666667
sub-45,vision,2,0.7,0.125,1,3,55.777777776666674
sub-46,pain,1,0.3,0.05,-1,3,33.0
sub-46,pain,1,0.3,0.05,0,3,41.88888889
sub-46,pain,1,0.3,0.05,1,3,53.88888889
sub-46,pain,1,0.3,0.125,-1,3,29.111111109000003
sub-46,pain,1,0.3,0.125,0,3,45.11111111
sub-46,pain,1,0.3,0.125,1,3,45.666666666666664
sub-46,pain,1,0.7,0.05,-1,3,76.0
sub-46,pain,1,0.7,0.05,0,3,78.77777778
sub-46,pain,1,0.7,0.05,1,3,58.0
sub-46,pain,1,0.7,0.125,-1,3,72.77777777666667
sub-46,pain,1,0.7,0.125,0,3,73.55555555666666
sub-46,pain,1,0.7,0.125,1,3,79.0
sub-46,pain,2,0.3,0.05,-1,3,45.88888889
sub-46,pain,2,0.3,0.05,0,3,54.22222222
sub-46,pain,2,0.3,0.05,1,3,58.666666666666664
sub-46,pain,2,0.3,0.125,-1,3,50.666666666666664
sub-46,pain,2,0.3,0.125,0,3,53.11111111333333
sub-46,pain,2,0.3,0.125,1,3,54.666666670000005
sub-46,pain,2,0.7,0.05,-1,3,80.77777777666667
sub-46,pain,2,0.7,0.05,0,3,80.77777777666667
sub-46,pain,2,0.7,0.05,1,3,78.66666667
sub-46,pain,2,0.7,0.125,-1,3,74.11111111333332
sub-46,pain,2,0.7,0.125,0,3,82.55555555333335
sub-46,pain,2,0.7,0.125,1,3,88.11111111000001
sub-46,vision,1,0.3,0.05,-1,3,33.555555553333335
sub-46,vision,1,0.3,0.05,0,3,33.77777777666667
sub-46,vision,1,0.3,0.05,1,3,46.777777776666674
sub-46,vision,1,0.3,0.125,-1,3,39.44444444333333
sub-46,vision,1,0.3,0.125,0,3,41.999999996666666
sub-46,vision,1,0.3,0.125,1,3,42.333333333333336
sub-46,vision,1,0.7,0.05,-1,3,56.55555555666666
sub-46,vision,1,0.7,0.05,0,3,62.555555553333335
sub-46,vision,1,0.7,0.05,1,3,60.555555553333335
sub-46,vision,1,0.7,0.125,-1,3,63.777777776666674
sub-46,vision,1,0.7,0.125,0,3,57.77777778
sub-46,vision,1,0.7,0.125,1,3,62.44444444333334
sub-46,vision,2,0.3,0.05,-1,3,51.777777776666674
sub-46,vision,2,0.3,0.05,0,3,41.77777777666667
sub-46,vision,2,0.3,0.05,1,3,43.88888889
sub-46,vision,2,0.3,0.125,-1,3,50.333333333333336
sub-46,vision,2,0.3,0.125,0,3,38.666666666666664
sub-46,vision,2,0.3,0.125,1,3,49.777777776666674
sub-46,vision,2,0.7,0.05,-1,3,73.0
sub-46,vision,2,0.7,0.05,0,3,67.77777777666667
sub-46,vision,2,0.7,0.05,1,3,63.22222222000001
sub-46,vision,2,0.7,0.125,-1,3,61.55555555666666
sub-46,vision,2,0.7,0.125,0,3,68.66666666333333
sub-46,vision,2,0.7,0.125,1,3,74.33333333333333
sub-47,pain,1,0.3,0.05,-1,3,27.666666666666668
sub-47,pain,1,0.3,0.05,0,3,24.666666666666668
sub-47,pain,1,0.3,0.05,1,3,20.11111111
sub-47,pain,1,0.3,0.125,-1,3,27.222222220000003
sub-47,pain,1,0.3,0.125,0,3,33.22222222
sub-47,pain,1,0.3,0.125,1,3,23.444444446666665
sub-47,pain,1,0.7,0.05,-1,3,67.33333333333333
sub-47,pain,1,0.7,0.05,0,3,68.88888888666668
sub-47,pain,1,0.7,0.05,1,3,64.22222222
sub-47,pain,1,0.7,0.125,-1,3,45.333333333333336
sub-47,pain,1,0.7,0.125,0,3,54.11111111
sub-47,pain,1,0.7,0.125,1,3,53.666666666666664
sub-47,pain,2,0.3,0.05,-1,3,31.333333333333332
sub-47,pain,2,0.3,0.05,0,3,31.333333333333332
sub-47,pain,2,0.3,0.05,1,3,28.888888886666667
sub-47,pain,2,0.3,0.125,-1,3,21.888888886666667
sub-47,pain,2,0.3,0.125,0,3,45.22222222
sub-47,pain,2,0.3,0.125,1,3,24.0
sub-47,pain,2,0.7,0.05,-1,3,64.22222222
sub-47,pain,2,0.7,0.05,0,3,78.22222222
sub-47,pain,2,0.7,0.05,1,3,63.88888888666667
sub-47,pain,2,0.7,0.125,-1,3,61.333333333333336
sub-47,pain,2,0.7,0.125,0,3,79.0
sub-47,pain,2,0.7,0.125,1,3,65.11111111000001
sub-47,vision,1,0.3,0.05,-1,3,34.0
sub-47,vision,1,0.3,0.05,0,3,40.55555555666667
sub-47,vision,1,0.3,0.05,1,3,24.222222223333333
sub-47,vision,1,0.3,0.125,-1,3,33.88888889
sub-47,vision,1,0.3,0.125,0,3,38.66666667
sub-47,vision,1,0.3,0.125,1,3,37.77777777666667
sub-47,vision,1,0.7,0.05,-1,3,51.000000003333334
sub-47,vision,1,0.7,0.05,0,3,59.777777776666674
sub-47,vision,1,0.7,0.05,1,3,59.777777776666674
sub-47,vision,1,0.7,0.125,-1,3,59.88888888666667
sub-47,vision,1,0.7,0.125,0,3,54.11111111333333
sub-47,vision,1,0.7,0.125,1,3,63.88888889
sub-47,vision,2,0.3,0.05,-1,3,30.11111111
sub-47,vision,2,0.3,0.05,0,3,27.777777776666667
sub-47,vision,2,0.3,0.05,1,3,37.444444446666665
sub-47,vision,2,0.3,0.125,-1,3,33.555555553333335
sub-47,vision,2,0.3,0.125,0,3,33.666666666666664
sub-47,vision,2,0.3,0.125,1,3,45.44444444333334
sub-47,vision,2,0.7,0.05,-1,3,68.77777777666667
sub-47,vision,2,0.7,0.05,0,2,65.0
sub-47,vision,2,0.7,0.05,1,3,63.555555553333335
sub-47,vision,2,0.7,0.125,-1,3,57.88888889
sub-47,vision,2,0.7,0.125,0,3,71.44444444333334
sub-47,vision,2,0.7,0.125,1,3,74.0
sub-48,pain,1,0.3,0.05,-1,3,29.88888889
sub-48,pain,1,0.3,0.05,0,3,34.66666666333334
sub-48,pain,1,0.3,0.05,1,3,44.55555555666666
sub-48,pain,1,0.3,0.125,-1,3,42.44444444333333
sub-48,pain,1,0.3,0.125,0,3,31.222222223333333
sub-48,pain,1,0.3,0.125,1,3,44.666666666666664
sub-48,pain,1,0.7,0.05,-1,3,44.444444446666665
sub-48,pain,1,0.7,0.05,0,3,55.666666666666664
sub-48,pain,1,0.7,0.05,1,3,62.0
sub-48,pain,1,0.7,0.125,-1,3,53.55555555666666
sub-48,pain,1,0.7,0.125,0,3,52.88888889
sub-48,pain,1,0.7,0.125,1,3,55.44444444333334
sub-48,pain,2,0.3,0.05,-1,3,41.444444446666665
sub-48,pain,2,0.3,0.05,0,3,39.555555553333335
sub-48,pain,2,0.3,0.05,1,3,58.77777778
sub-48,pain,2,0.3,0.125,-1,3,40.77777778
sub-48,pain,2,0.3,0.125,0,3,54.88888888666667
sub-48,pain,2,0.3,0.125,1,3,54.333333333333336
sub-48,pain,2,0.7,0.05,-1,3,56.222222223333326
sub-48,pain,2,0.7,0.05,0,3,65.77777777666667
sub-48,pain,2,0.7,0.05,1,3,61.333333333333336
sub-48,pain,2,0.7,0.125,-1,3,66.33333333
sub-48,pain,2,0.7,0.125,0,3,65.55555555333333
sub-48,pain,2,0.7,0.125,1,3,75.33333333333333
sub-48,vision,1,0.3,0.05,-1,3,53.333333333333336
sub-48,vision,1,0.3,0.05,0,3,27.444444443333335
sub-48,vision,1,0.3,0.05,1,2,38.333333335
sub-48,vision,1,0.3,0.125,-1,3,38.88888889
sub-48,vision,1,0.3,0.125,0,3,48.11111111333333
sub-48,vision,1,0.3,0.125,1,3,35.88888889
sub-48,vision,1,0.7,0.05,-1,3,58.000000003333334
sub-48,vision,1,0.7,0.05,0,3,59.77777778
sub-48,vision,1,0.7,0.05,1,3,47.22222222
sub-48,vision,1,0.7,0.125,-1,3,62.333333333333336
sub-48,vision,1,0.7,0.125,0,3,68.55555555666666
sub-48,vision,1,0.7,0.125,1,3,60.0
sub-48,vision,2,0.3,0.05,-1,3,50.333333333333336
sub-48,vision,2,0.3,0.05,0,3,45.000000003333334
sub-48,vision,2,0.3,0.05,1,3,46.0
sub-48,vision,2,0.3,0.125,-1,3,39.88888888666667
sub-48,vision,2,0.3,0.125,0,3,39.333333333333336
sub-48,vision,2,0.3,0.125,1,3,38.666666666666664
sub-48,vision,2,0.7,0.05,-1,3,74.99999999666666
sub-48,vision,2,0.7,0.05,0,3,66.22222222
sub-48,vision,2,0.7,0.05,1,3,64.0
sub-48,vision,2,0.7,0.125,-1,3,57.555555553333335
sub-48,vision,2,0.7,0.125,0,3,69.33333333
sub-48,vision,2,0.7,0.125,1,3,59.11111111333333
sub-50,pain,1,0.3,0.05,-1,3,13.888888887666667
sub-50,pain,1,0.3,0.05,0,3,27.88888889
sub-50,pain,1,0.3,0.05,1,3,52.66666666766667
sub-50,pain,1,0.3,0.125,-1,3,15.666666665666668
sub-50,pain,1,0.3,0.125,0,3,14.000000000999998
sub-50,pain,1,0.3,0.125,1,2,11.833333335
sub-50,pain,1,0.7,0.05,-1,3,36.11111111
sub-50,pain,1,0.7,0.05,0,3,24.0
sub-50,pain,1,0.7,0.05,1,3,25.555555556666665
sub-50,pain,1,0.7,0.125,-1,3,18.999999996666663
sub-50,pain,1,0.7,0.125,0,3,18.0
sub-50,pain,1,0.7,0.125,1,2,28.333333335
sub-50,pain,2,0.3,0.05,-1,3,23.88888889
sub-50,pain,2,0.3,0.05,0,3,30.555555556666665
sub-50,pain,2,0.3,0.05,1,3,38.77777777666667
sub-50,pain,2,0.3,0.125,-1,3,28.333333333333332
sub-50,pain,2,0.3,0.125,0,2,50.33333333
sub-50,pain,2,0.3,0.125,1,2,31.666666665
sub-50,pain,2,0.7,0.05,-1,3,46.777777776666674
sub-50,pain,2,0.7,0.05,0,3,51.222222223333326
sub-50,pain,2,0.7,0.05,1,3,40.0
sub-50,pain,2,0.7,0.125,-1,3,47.11111111333333
sub-50,pain,2,0.7,0.125,0,2,59.33333333
sub-50,pain,2,0.7,0.125,1,2,24.5
sub-50,vision,1,0.3,0.05,-1,3,23.222222220000003
sub-50,vision,1,0.3,0.05,0,3,25.111111113333333
sub-50,vision,1,0.3,0.05,1,3,20.777777776666667
sub-50,vision,1,0.3,0.125,-1,3,28.11111111
sub-50,vision,1,0.3,0.125,0,3,25.333333333333332
sub-50,vision,1,0.3,0.125,1,3,22.777777776666667
sub-50,vision,1,0.7,0.05,-1,3,29.11111111
sub-50,vision,1,0.7,0.05,0,3,24.333333333333332
sub-50,vision,1,0.7,0.05,1,3,26.666666666666668
sub-50,vision,1,0.7,0.125,-1,3,28.666666666666668
sub-50,vision,1,0.7,0.125,0,3,32.0
sub-50,vision,1,0.7,0.125,1,3,21.555555553333335
sub-50,vision,2,0.3,0.05,-1,3,38.22222222333333
sub-50,vision,2,0.3,0.05,0,3,31.555555553333335
sub-50,vision,2,0.3,0.05,1,3,36.666666666666664
sub-50,vision,2,0.3,0.125,-1,2,27.0
sub-50,vision,2,0.3,0.125,0,3,33.666666666666664
sub-50,vision,2,0.3,0.125,1,3,41.88888889
sub-50,vision,2,0.7,0.05,-1,3,43.444444446666665
sub-50,vision,2,0.7,0.05,0,2,32.33333333
sub-50,vision,2,0.7,0.05,1,3,40.333333333333336
sub-50,vision,2,0.7,0.125,-1,3,35.11111111
sub-50,vision,2,0.7,0.125,0,2,28.333333335
sub-50,vision,2,0.7,0.125,1,2,23.16666667
