participant,modality,estimand,value,matched_contrasts,expected_contrasts,coverage
sub-01,pain,cue_high_minus_low,4.666666666666665,12,12,1.0
sub-01,pain,cue_high_minus_low_stimulus_1,1.6111111111111107,6,6,1.0
sub-01,pain,cue_high_minus_low_stimulus_2,7.7222222222222205,6,6,1.0
sub-01,pain,cue_high_minus_low_low_sd_high_precision,2.351851852222218,6,6,1.0
sub-01,pain,cue_high_minus_low_stimulus_1_low_sd_high_precision,-0.48148148111111294,3,3,1.0
sub-01,pain,cue_high_minus_low_stimulus_2_low_sd_high_precision,5.185185185555549,3,3,1.0
sub-01,pain,cue_high_minus_low_high_sd_low_precision,6.981481481111113,6,6,1.0
sub-01,pain,cue_high_minus_low_stimulus_1_high_sd_low_precision,3.703703703333334,3,3,1.0
sub-01,pain,cue_high_minus_low_stimulus_2_high_sd_low_precision,10.259259258888891,3,3,1.0
sub-01,pain,cue_effect_high_sd_minus_low_sd,4.629629628888895,6,6,1.0
sub-01,pain,uncertainty_high_sd_minus_low_sd,-5.277777777222224,12,12,1.0
sub-01,vision,cue_high_minus_low,-2.189814815555554,12,12,1.0
sub-01,vision,cue_high_minus_low_stimulus_1,-7.490740740555554,6,6,1.0
sub-01,vision,cue_high_minus_low_stimulus_2,3.111111109444446,6,6,1.0
sub-01,vision,cue_high_minus_low_low_sd_high_precision,-2.731481483333327,6,6,1.0
sub-01,vision,cue_high_minus_low_stimulus_1_low_sd_high_precision,-10.574074074444441,3,3,1.0
sub-01,vision,cue_high_minus_low_stimulus_2_low_sd_high_precision,5.111111107777788,3,3,1.0
sub-01,vision,cue_high_minus_low_high_sd_low_precision,-1.6481481477777808,6,6,1.0
sub-01,vision,cue_high_minus_low_stimulus_1_high_sd_low_precision,-4.407407406666667,3,3,1.0
sub-01,vision,cue_high_minus_low_stimulus_2_high_sd_low_precision,1.1111111111111047,3,3,1.0
sub-01,vision,cue_effect_high_sd_minus_low_sd,1.0833333355555463,6,6,1.0
sub-01,vision,uncertainty_high_sd_minus_low_sd,-2.430555556666667,12,12,1.0
sub-02,pain,cue_high_minus_low,7.287878788363636,11,12,0.9166666666666666
sub-02,pain,cue_high_minus_low_stimulus_1,5.833333332066667,5,6,0.8333333333333334
sub-02,pain,cue_high_minus_low_stimulus_2,8.500000001944443,6,6,1.0
sub-02,pain,cue_high_minus_low_low_sd_high_precision,0.4666666669999973,5,6,0.8333333333333334
sub-02,pain,cue_high_minus_low_stimulus_1_low_sd_high_precision,-4.52777778,2,3,0.6666666666666666
sub-02,pain,cue_high_minus_low_stimulus_2_low_sd_high_precision,3.796296298333329,3,3,1.0
sub-02,pain,cue_high_minus_low_high_sd_low_precision,12.972222222833333,6,6,1.0
sub-02,pain,cue_high_minus_low_stimulus_1_high_sd_low_precision,12.740740740111113,3,3,1.0
sub-02,pain,cue_high_minus_low_stimulus_2_high_sd_low_precision,13.203703705555556,3,3,1.0
sub-02,pain,cue_effect_high_sd_minus_low_sd,15.211111111533336,5,6,0.8333333333333334
sub-02,pain,uncertainty_high_sd_minus_low_sd,-1.5707070724848462,11,12,0.9166666666666666
sub-02,vision,cue_high_minus_low,10.80555555611111,12,12,1.0
sub-02,vision,cue_high_minus_low_stimulus_1,7.58333333388889,6,6,1.0
sub-02,vision,cue_high_minus_low_stimulus_2,14.02777777833333,6,6,1.0
sub-02,vision,cue_high_minus_low_low_sd_high_precision,3.1759259272222202,6,6,1.0
sub-02,vision,cue_high_minus_low_stimulus_1_low_sd_high_precision,-1.722222219999999,3,3,1.0
sub-02,vision,cue_high_minus_low_stimulus_2_low_sd_high_precision,8.07407407444444,3,3,1.0
sub-02,vision,cue_high_minus_low_high_sd_low_precision,18.435185184999998,6,6,1.0
sub-02,vision,cue_high_minus_low_stimulus_1_high_sd_low_precision,16.888888887777778,3,3,1.0
sub-02,vision,cue_high_minus_low_stimulus_2_high_sd_low_precision,19.981481482222218,3,3,1.0
sub-02,vision,cue_effect_high_sd_minus_low_sd,15.25925925777778,6,6,1.0
sub-02,vision,uncertainty_high_sd_minus_low_sd,2.092592592222223,12,12,1.0
sub-03,pain,cue_high_minus_low,3.0231481488888883,12,12,1.0
sub-03,pain,cue_high_minus_low_stimulus_1,1.2685185191666655,6,6,1.0
sub-03,pain,cue_high_minus_low_stimulus_2,4.777777778611111,6,6,1.0
sub-03,pain,cue_high_minus_low_low_sd_high_precision,-5.101851849166668,6,6,1.0
sub-03,pain,cue_high_minus_low_stimulus_1_low_sd_high_precision,-6.37037036666667,3,3,1.0
sub-03,pain,cue_high_minus_low_stimulus_2_low_sd_high_precision,-3.8333333316666653,3,3,1.0
sub-03,pain,cue_high_minus_low_high_sd_low_precision,11.148148146944445,6,6,1.0
sub-03,pain,cue_high_minus_low_stimulus_1_high_sd_low_precision,8.907407405,3,3,1.0
sub-03,pain,cue_high_minus_low_stimulus_2_high_sd_low_precision,13.388888888888888,3,3,1.0
sub-03,pain,cue_effect_high_sd_minus_low_sd,16.24999999611111,6,6,1.0
sub-03,pain,uncertainty_high_sd_minus_low_sd,-2.5231481486111114,12,12,1.0
sub-03,vision,cue_high_minus_low,4.414141414242425,11,12,0.9166666666666666
sub-03,vision,cue_high_minus_low_stimulus_1,3.1666666680000004,5,6,0.8333333333333334
sub-03,vision,cue_high_minus_low_stimulus_2,5.453703702777779,6,6,1.0
sub-03,vision,cue_high_minus_low_low_sd_high_precision,4.564814813888891,6,6,1.0
sub-03,vision,cue_high_minus_low_stimulus_1_low_sd_high_precision,4.2037037038888885,3,3,1.0
sub-03,vision,cue_high_minus_low_stimulus_2_low_sd_high_precision,4.925925923888893,3,3,1.0
sub-03,vision,cue_high_minus_low_high_sd_low_precision,4.233333334666666,5,6,0.8333333333333334
sub-03,vision,cue_high_minus_low_stimulus_1_high_sd_low_precision,1.6111111141666683,2,3,0.6666666666666666
sub-03,vision,cue_high_minus_low_stimulus_2_high_sd_low_precision,5.981481481666665,3,3,1.0
sub-03,vision,cue_effect_high_sd_minus_low_sd,0.32222222399999795,5,6,0.8333333333333334
sub-03,vision,uncertainty_high_sd_minus_low_sd,3.016666667999999,10,12,0.8333333333333334
sub-04,pain,cue_high_minus_low,17.231481481388894,12,12,1.0
sub-04,pain,cue_high_minus_low_stimulus_1,10.27777777777778,6,6,1.0
sub-04,pain,cue_high_minus_low_stimulus_2,24.185185184999998,6,6,1.0
sub-04,pain,cue_high_minus_low_low_sd_high_precision,18.611111112777778,6,6,1.0
sub-04,pain,cue_high_minus_low_stimulus_1_low_sd_high_precision,11.851851854444448,3,3,1.0
sub-04,pain,cue_high_minus_low_stimulus_2_low_sd_high_precision,25.370370371111107,3,3,1.0
sub-04,pain,cue_high_minus_low_high_sd_low_precision,15.851851850000003,6,6,1.0
sub-04,pain,cue_high_minus_low_stimulus_1_high_sd_low_precision,8.703703701111113,3,3,1.0
sub-04,pain,cue_high_minus_low_stimulus_2_high_sd_low_precision,22.999999998888892,3,3,1.0
sub-04,pain,cue_effect_high_sd_minus_low_sd,-2.759259262777775,6,6,1.0
sub-04,pain,uncertainty_high_sd_minus_low_sd,5.80555555638889,12,12,1.0
sub-04,vision,cue_high_minus_low,12.36111111083333,12,12,1.0
sub-04,vision,cue_high_minus_low_stimulus_1,16.77777777833333,6,6,1.0
sub-04,vision,cue_high_minus_low_stimulus_2,7.944444443333331,6,6,1.0
sub-04,vision,cue_high_minus_low_low_sd_high_precision,17.907407404999997,6,6,1.0
sub-04,vision,cue_high_minus_low_stimulus_1_low_sd_high_precision,23.555555554444442,3,3,1.0
sub-04,vision,cue_high_minus_low_stimulus_2_low_sd_high_precision,12.259259255555554,3,3,1.0
sub-04,vision,cue_high_minus_low_high_sd_low_precision,6.814814816666662,6,6,1.0
sub-04,vision,cue_high_minus_low_stimulus_1_high_sd_low_precision,10.000000002222215,3,3,1.0
sub-04,vision,cue_high_minus_low_stimulus_2_high_sd_low_precision,3.629629631111108,3,3,1.0
sub-04,vision,cue_effect_high_sd_minus_low_sd,-11.09259258833334,6,6,1.0
sub-04,vision,uncertainty_high_sd_minus_low_sd,0.21296296083333566,12,12,1.0
sub-05,pain,cue_high_minus_low,15.53703703638889,12,12,1.0
sub-05,pain,cue_high_minus_low_stimulus_1,18.425925925555557,6,6,1.0
sub-05,pain,cue_high_minus_low_stimulus_2,12.648148147222217,6,6,1.0
sub-05,pain,cue_high_minus_low_low_sd_high_precision,22.462962961666666,6,6,1.0
sub-05,pain,cue_high_minus_low_stimulus_1_low_sd_high_precision,19.96296296222222,3,3,1.0
sub-05,pain,cue_high_minus_low_stimulus_2_low_sd_high_precision,24.962962961111106,3,3,1.0
sub-05,pain,cue_high_minus_low_high_sd_low_precision,8.611111111111109,6,6,1.0
sub-05,pain,cue_high_minus_low_stimulus_1_high_sd_low_precision,16.88888888888889,3,3,1.0
sub-05,pain,cue_high_minus_low_stimulus_2_high_sd_low_precision,0.3333333333333286,3,3,1.0
sub-05,pain,cue_effect_high_sd_minus_low_sd,-13.851851850555557,6,6,1.0
sub-05,pain,uncertainty_high_sd_minus_low_sd,11.148148148055554,12,12,1.0
sub-05,vision,cue_high_minus_low,15.666666665833333,12,12,1.0
sub-05,vision,cue_high_minus_low_stimulus_1,19.648148146111108,6,6,1.0
sub-05,vision,cue_high_minus_low_stimulus_2,11.685185185555559,6,6,1.0
sub-05,vision,cue_high_minus_low_low_sd_high_precision,15.94444444277778,6,6,1.0
sub-05,vision,cue_high_minus_low_stimulus_1_low_sd_high_precision,23.11111110888889,3,3,1.0
sub-05,vision,cue_high_minus_low_stimulus_2_low_sd_high_precision,8.777777776666673,3,3,1.0
sub-05,vision,cue_high_minus_low_high_sd_low_precision,15.388888888888888,6,6,1.0
sub-05,vision,cue_high_minus_low_stimulus_1_high_sd_low_precision,16.185185183333328,3,3,1.0
sub-05,vision,cue_high_minus_low_stimulus_2_high_sd_low_precision,14.592592594444445,3,3,1.0
sub-05,vision,cue_effect_high_sd_minus_low_sd,-0.5555555538888939,6,6,1.0
sub-05,vision,uncertainty_high_sd_minus_low_sd,2.1851851852777777,12,12,1.0
sub-06,pain,cue_high_minus_low,21.166666665,4,12,0.3333333333333333
sub-06,pain,cue_high_minus_low_stimulus_1,24.16666667,2,6,0.3333333333333333
sub-06,pain,cue_high_minus_low_stimulus_2,18.166666660000004,2,6,0.3333333333333333
sub-06,pain,cue_high_minus_low_low_sd_high_precision,11.500000000000002,2,6,0.3333333333333333
sub-06,pain,cue_high_minus_low_stimulus_1_low_sd_high_precision,17.33333334,1,3,0.3333333333333333
sub-06,pain,cue_high_minus_low_stimulus_2_low_sd_high_precision,5.666666660000004,1,3,0.3333333333333333
sub-06,pain,cue_high_minus_low_high_sd_low_precision,30.833333330000002,2,6,0.3333333333333333
sub-06,pain,cue_high_minus_low_stimulus_1_high_sd_low_precision,31.000000000000004,1,3,0.3333333333333333
sub-06,pain,cue_high_minus_low_stimulus_2_high_sd_low_precision,30.666666660000004,1,3,0.3333333333333333
sub-06,pain,cue_effect_high_sd_minus_low_sd,19.333333330000002,2,6,0.3333333333333333
sub-06,pain,uncertainty_high_sd_minus_low_sd,1.4444444428333345,6,12,0.5
sub-06,vision,cue_high_minus_low,17.066666664000003,5,12,0.4166666666666667
sub-06,vision,cue_high_minus_low_stimulus_1,22.833333330000002,2,6,0.3333333333333333
sub-06,vision,cue_high_minus_low_stimulus_2,13.22222222,3,6,0.5
sub-06,vision,cue_high_minus_low_low_sd_high_precision,21.2499999975,4,6,0.6666666666666666
sub-06,vision,cue_high_minus_low_stimulus_1_low_sd_high_precision,22.833333330000002,2,3,0.6666666666666666
sub-06,vision,cue_high_minus_low_stimulus_2_low_sd_high_precision,19.666666665,2,3,0.6666666666666666
sub-06,vision,cue_high_minus_low_high_sd_low_precision,0.3333333300000021,1,6,0.16666666666666666
sub-06,vision,cue_high_minus_low_stimulus_2_high_sd_low_precision,0.3333333300000021,1,3,0.3333333333333333
sub-06,vision,cue_effect_high_sd_minus_low_sd,-13.666666669999998,1,6,0.16666666666666666
sub-06,vision,uncertainty_high_sd_minus_low_sd,18.5833333325,4,12,0.3333333333333333
sub-08,pain,cue_high_minus_low,5.990740740000001,12,12,1.0
sub-08,pain,cue_high_minus_low_stimulus_1,6.129629628333334,6,6,1.0
sub-08,pain,cue_high_minus_low_stimulus_2,5.851851851666667,6,6,1.0
sub-08,pain,cue_high_minus_low_low_sd_high_precision,8.870370370000002,6,6,1.0
sub-08,pain,cue_high_minus_low_stimulus_1_low_sd_high_precision,9.444444443333333,3,3,1.0
sub-08,pain,cue_high_minus_low_stimulus_2_low_sd_high_precision,8.296296296666668,3,3,1.0
sub-08,pain,cue_high_minus_low_high_sd_low_precision,3.111111110000001,6,6,1.0
sub-08,pain,cue_high_minus_low_stimulus_1_high_sd_low_precision,2.814814813333335,3,3,1.0
sub-08,pain,cue_high_minus_low_stimulus_2_high_sd_low_precision,3.407407406666666,3,3,1.0
sub-08,pain,cue_effect_high_sd_minus_low_sd,-5.75925926,6,6,1.0
sub-08,pain,uncertainty_high_sd_minus_low_sd,-0.6203703705555542,12,12,1.0
sub-08,vision,cue_high_minus_low,4.61574074,12,12,1.0
sub-08,vision,cue_high_minus_low_stimulus_1,3.3055555552777762,6,6,1.0
sub-08,vision,cue_high_minus_low_stimulus_2,5.925925924722223,6,6,1.0
sub-08,vision,cue_high_minus_low_low_sd_high_precision,7.666666665000001,6,6,1.0
sub-08,vision,cue_high_minus_low_stimulus_1_low_sd_high_precision,3.259259258888889,3,3,1.0
sub-08,vision,cue_high_minus_low_stimulus_2_low_sd_high_precision,12.074074071111113,3,3,1.0
sub-08,vision,cue_high_minus_low_high_sd_low_precision,1.5648148149999983,6,6,1.0
sub-08,vision,cue_high_minus_low_stimulus_1_high_sd_low_precision,3.3518518516666638,3,3,1.0
sub-08,vision,cue_high_minus_low_stimulus_2_high_sd_low_precision,-0.22222222166666702,3,3,1.0
sub-08,vision,cue_effect_high_sd_minus_low_sd,-6.101851850000003,6,6,1.0
sub-08,vision,uncertainty_high_sd_minus_low_sd,0.2453703702777806,12,12,1.0
sub-09,pain,cue_high_minus_low,14.49999999944444,12,12,1.0
sub-09,pain,cue_high_minus_low_stimulus_1,8.333333332777778,6,6,1.0
sub-09,pain,cue_high_minus_low_stimulus_2,20.66666666611111,6,6,1.0
sub-09,pain,cue_high_minus_low_low_sd_high_precision,16.648148147777775,6,6,1.0
sub-09,pain,cue_high_minus_low_stimulus_1_low_sd_high_precision,5.814814814444446,3,3,1.0
sub-09,pain,cue_high_minus_low_stimulus_2_low_sd_high_precision,27.481481481111107,3,3,1.0
sub-09,pain,cue_high_minus_low_high_sd_low_precision,12.351851851111107,6,6,1.0
sub-09,pain,cue_high_minus_low_stimulus_1_high_sd_low_precision,10.851851851111112,3,3,1.0
sub-09,pain,cue_high_minus_low_stimulus_2_high_sd_low_precision,13.851851851111105,3,3,1.0
sub-09,pain,cue_effect_high_sd_minus_low_sd,-4.296296296666669,6,6,1.0
sub-09,pain,uncertainty_high_sd_minus_low_sd,1.6851851855555575,12,12,1.0
sub-09,vision,cue_high_minus_low,14.342592593611103,12,12,1.0
sub-09,vision,cue_high_minus_low_stimulus_1,11.462962963888884,6,6,1.0
sub-09,vision,cue_high_minus_low_stimulus_2,17.22222222333333,6,6,1.0
sub-09,vision,cue_high_minus_low_low_sd_high_precision,17.907407407777775,6,6,1.0
sub-09,vision,cue_high_minus_low_stimulus_1_low_sd_high_precision,18.259259261111108,3,3,1.0
sub-09,vision,cue_high_minus_low_stimulus_2_low_sd_high_precision,17.55555555444444,3,3,1.0
sub-09,vision,cue_high_minus_low_high_sd_low_precision,10.77777777944444,6,6,1.0
sub-09,vision,cue_high_minus_low_stimulus_1_high_sd_low_precision,4.666666666666664,3,3,1.0
sub-09,vision,cue_high_minus_low_stimulus_2_high_sd_low_precision,16.888888892222216,3,3,1.0
sub-09,vision,cue_effect_high_sd_minus_low_sd,-7.1296296283333325,6,6,1.0
sub-09,vision,uncertainty_high_sd_minus_low_sd,-2.6574074080555516,12,12,1.0
sub-10,pain,cue_high_minus_low,23.546296296666664,12,12,1.0
sub-10,pain,cue_high_minus_low_stimulus_1,22.61111111111111,6,6,1.0
sub-10,pain,cue_high_minus_low_stimulus_2,24.48148148222222,6,6,1.0
sub-10,pain,cue_high_minus_low_low_sd_high_precision,24.46296296361111,6,6,1.0
sub-10,pain,cue_high_minus_low_stimulus_1_low_sd_high_precision,23.777777777777782,3,3,1.0
sub-10,pain,cue_high_minus_low_stimulus_2_low_sd_high_precision,25.14814814944444,3,3,1.0
sub-10,pain,cue_high_minus_low_high_sd_low_precision,22.629629629722217,6,6,1.0
sub-10,pain,cue_high_minus_low_stimulus_1_high_sd_low_precision,21.44444444444444,3,3,1.0
sub-10,pain,cue_high_minus_low_stimulus_2_high_sd_low_precision,23.814814815000002,3,3,1.0
sub-10,pain,cue_effect_high_sd_minus_low_sd,-1.8333333338888913,6,6,1.0
sub-10,pain,uncertainty_high_sd_minus_low_sd,5.879629630277776,12,12,1.0
sub-10,vision,cue_high_minus_low,17.481481481111114,12,12,1.0
sub-10,vision,cue_high_minus_low_stimulus_1,20.36111111166667,6,6,1.0
sub-10,vision,cue_high_minus_low_stimulus_2,14.601851850555557,6,6,1.0
sub-10,vision,cue_high_minus_low_low_sd_high_precision,14.592592591111114,6,6,1.0
sub-10,vision,cue_high_minus_low_stimulus_1_low_sd_high_precision,15.333333331111115,3,3,1.0
sub-10,vision,cue_high_minus_low_stimulus_2_low_sd_high_precision,13.851851851111109,3,3,1.0
sub-10,vision,cue_high_minus_low_high_sd_low_precision,20.37037037111111,6,6,1.0
sub-10,vision,cue_high_minus_low_stimulus_1_high_sd_low_precision,25.388888892222223,3,3,1.0
sub-10,vision,cue_high_minus_low_stimulus_2_high_sd_low_precision,15.351851850000003,3,3,1.0
sub-10,vision,cue_effect_high_sd_minus_low_sd,5.77777778,6,6,1.0
sub-10,vision,uncertainty_high_sd_minus_low_sd,3.0925925927777773,12,12,1.0
sub-11,pain,cue_high_minus_low,-4.11111110952778,12,12,1.0
sub-11,pain,cue_high_minus_low_stimulus_1,2.018518520388888,6,6,1.0
sub-11,pain,cue_high_minus_low_stimulus_2,-10.240740739444448,6,6,1.0
sub-11,pain,cue_high_minus_low_low_sd_high_precision,-4.3888888868333344,6,6,1.0
sub-11,pain,cue_high_minus_low_stimulus_1_low_sd_high_precision,5.962962964111113,3,3,1.0
sub-11,pain,cue_high_minus_low_stimulus_2_low_sd_high_precision,-14.740740737777783,3,3,1.0
sub-11,pain,cue_high_minus_low_high_sd_low_precision,-3.833333332222225,6,6,1.0
sub-11,pain,cue_high_minus_low_stimulus_1_high_sd_low_precision,-1.925925923333337,3,3,1.0
sub-11,pain,cue_high_minus_low_stimulus_2_high_sd_low_precision,-5.7407407411111135,3,3,1.0
sub-11,pain,cue_effect_high_sd_minus_low_sd,0.5555555546111096,6,6,1.0
sub-11,pain,uncertainty_high_sd_minus_low_sd,2.833333333416668,12,12,1.0
sub-11,vision,cue_high_minus_low,5.648148148611111,12,12,1.0
sub-11,vision,cue_high_minus_low_stimulus_1,5.8148148155555575,6,6,1.0
sub-11,vision,cue_high_minus_low_stimulus_2,5.481481481666666,6,6,1.0
sub-11,vision,cue_high_minus_low_low_sd_high_precision,1.4074074077777776,6,6,1.0
sub-11,vision,cue_high_minus_low_stimulus_1_low_sd_high_precision,2.6666666677777777,3,3,1.0
sub-11,vision,cue_high_minus_low_stimulus_2_low_sd_high_precision,0.1481481477777772,3,3,1.0
sub-11,vision,cue_high_minus_low_high_sd_low_precision,9.888888889444445,6,6,1.0
sub-11,vision,cue_high_minus_low_stimulus_1_high_sd_low_precision,8.962962963333334,3,3,1.0
sub-11,vision,cue_high_minus_low_stimulus_2_high_sd_low_precision,10.814814815555556,3,3,1.0
sub-11,vision,cue_effect_high_sd_minus_low_sd,8.481481481666668,6,6,1.0
sub-11,vision,uncertainty_high_sd_minus_low_sd,3.0555555552777762,12,12,1.0
sub-12,pain,cue_high_minus_low,18.250000000277776,12,12,1.0
sub-12,pain,cue_high_minus_low_stimulus_1,16.833333333333332,6,6,1.0
sub-12,pain,cue_high_minus_low_stimulus_2,19.666666667222223,6,6,1.0
sub-12,pain,cue_high_minus_low_low_sd_high_precision,21.462962962777777,6,6,1.0
sub-12,pain,cue_high_minus_low_stimulus_1_low_sd_high_precision,18.11111111111111,3,3,1.0
sub-12,pain,cue_high_minus_low_stimulus_2_low_sd_high_precision,24.814814814444446,3,3,1.0
sub-12,pain,cue_high_minus_low_high_sd_low_precision,15.037037037777777,6,6,1.0
sub-12,pain,cue_high_minus_low_stimulus_1_high_sd_low_precision,15.555555555555552,3,3,1.0
sub-12,pain,cue_high_minus_low_stimulus_2_high_sd_low_precision,14.51851852,3,3,1.0
sub-12,pain,cue_effect_high_sd_minus_low_sd,-6.425925925000001,6,6,1.0
sub-12,pain,uncertainty_high_sd_minus_low_sd,-0.19444444305555653,12,12,1.0
sub-12,vision,cue_high_minus_low,7.7916666668055585,12,12,1.0
sub-12,vision,cue_high_minus_low_stimulus_1,7.1388888880555585,6,6,1.0
sub-12,vision,cue_high_minus_low_stimulus_2,8.444444445555558,6,6,1.0
sub-12,vision,cue_high_minus_low_low_sd_high_precision,6.824074074722226,6,6,1.0
sub-12,vision,cue_high_minus_low_stimulus_1_low_sd_high_precision,5.83333333388889,3,3,1.0
sub-12,vision,cue_high_minus_low_stimulus_2_low_sd_high_precision,7.814814815555562,3,3,1.0
sub-12,vision,cue_high_minus_low_high_sd_low_precision,8.759259258888891,6,6,1.0
sub-12,vision,cue_high_minus_low_stimulus_1_high_sd_low_precision,8.444444442222228,3,3,1.0
sub-12,vision,cue_high_minus_low_stimulus_2_high_sd_low_precision,9.074074075555552,3,3,1.0
sub-12,vision,cue_effect_high_sd_minus_low_sd,1.935185184166664,6,6,1.0
sub-12,vision,uncertainty_high_sd_minus_low_sd,0.041666666527776286,12,12,1.0
sub-13,pain,cue_high_minus_low,13.166666667500001,12,12,1.0
sub-13,pain,cue_high_minus_low_stimulus_1,12.851851853888883,6,6,1.0
sub-13,pain,cue_high_minus_low_stimulus_2,13.48148148111111,6,6,1.0
sub-13,pain,cue_high_minus_low_low_sd_high_precision,18.03703703944444,6,6,1.0
sub-13,pain,cue_high_minus_low_stimulus_1_low_sd_high_precision,16.185185188888877,3,3,1.0
sub-13,pain,cue_high_minus_low_stimulus_2_low_sd_high_precision,19.888888889999993,3,3,1.0
sub-13,pain,cue_high_minus_low_high_sd_low_precision,8.296296295555559,6,6,1.0
sub-13,pain,cue_high_minus_low_stimulus_1_high_sd_low_precision,9.518518518888891,3,3,1.0
sub-13,pain,cue_high_minus_low_stimulus_2_high_sd_low_precision,7.074074072222224,3,3,1.0
sub-13,pain,cue_effect_high_sd_minus_low_sd,-9.740740743888878,6,6,1.0
sub-13,pain,uncertainty_high_sd_minus_low_sd,3.6481481480555593,12,12,1.0
sub-13,vision,cue_high_minus_low,9.037037036944442,12,12,1.0
sub-13,vision,cue_high_minus_low_stimulus_1,13.185185184444443,6,6,1.0
sub-13,vision,cue_high_minus_low_stimulus_2,4.888888889444442,6,6,1.0
sub-13,vision,cue_high_minus_low_low_sd_high_precision,10.07407407444444,6,6,1.0
sub-13,vision,cue_high_minus_low_stimulus_1_low_sd_high_precision,14.629629628888887,3,3,1.0
sub-13,vision,cue_high_minus_low_stimulus_2_low_sd_high_precision,5.518518519999991,3,3,1.0
sub-13,vision,cue_high_minus_low_high_sd_low_precision,7.999999999444445,6,6,1.0
sub-13,vision,cue_high_minus_low_stimulus_1_high_sd_low_precision,11.740740739999998,3,3,1.0
sub-13,vision,cue_high_minus_low_stimulus_2_high_sd_low_precision,4.259259258888894,3,3,1.0
sub-13,vision,cue_effect_high_sd_minus_low_sd,-2.0740740749999937,6,6,1.0
sub-13,vision,uncertainty_high_sd_minus_low_sd,-0.0370370380555561,12,12,1.0
sub-14,pain,cue_high_minus_low,-2.6111111108333316,12,12,1.0
sub-14,pain,cue_high_minus_low_stimulus_1,-4.055555554444445,6,6,1.0
sub-14,pain,cue_high_minus_low_stimulus_2,-1.1666666672222188,6,6,1.0
sub-14,pain,cue_high_minus_low_low_sd_high_precision,-2.3888888888888857,6,6,1.0
sub-14,pain,cue_high_minus_low_stimulus_1_low_sd_high_precision,-5.0370370355555565,3,3,1.0
sub-14,pain,cue_high_minus_low_stimulus_2_low_sd_high_precision,0.259259257777785,3,3,1.0
sub-14,pain,cue_high_minus_low_high_sd_low_precision,-2.833333332777778,6,6,1.0
sub-14,pain,cue_high_minus_low_stimulus_1_high_sd_low_precision,-3.074074073333333,3,3,1.0
sub-14,pain,cue_high_minus_low_stimulus_2_high_sd_low_precision,-2.5925925922222226,3,3,1.0
sub-14,pain,cue_effect_high_sd_minus_low_sd,-0.444444443888892,6,6,1.0
sub-14,pain,uncertainty_high_sd_minus_low_sd,2.185185184722224,12,12,1.0
sub-14,vision,cue_high_minus_low,1.4907407394444452,12,12,1.0
sub-14,vision,cue_high_minus_low_stimulus_1,1.0925925916666657,6,6,1.0
sub-14,vision,cue_high_minus_low_stimulus_2,1.888888887222225,6,6,1.0
sub-14,vision,cue_high_minus_low_low_sd_high_precision,-2.537037038888885,6,6,1.0
sub-14,vision,cue_high_minus_low_stimulus_1_low_sd_high_precision,-2.5925925944444423,3,3,1.0
sub-14,vision,cue_high_minus_low_stimulus_2_low_sd_high_precision,-2.481481483333328,3,3,1.0
sub-14,vision,cue_high_minus_low_high_sd_low_precision,5.518518517777776,6,6,1.0
sub-14,vision,cue_high_minus_low_stimulus_1_high_sd_low_precision,4.777777777777774,3,3,1.0
sub-14,vision,cue_high_minus_low_stimulus_2_high_sd_low_precision,6.259259257777778,3,3,1.0
sub-14,vision,cue_effect_high_sd_minus_low_sd,8.055555556666661,6,6,1.0
sub-14,vision,uncertainty_high_sd_minus_low_sd,2.7314814816666684,12,12,1.0
sub-15,pain,cue_high_minus_low,29.064814814527775,12,12,1.0
sub-15,pain,cue_high_minus_low_stimulus_1,24.09259259277778,6,6,1.0
sub-15,pain,cue_high_minus_low_stimulus_2,34.03703703627777,6,6,1.0
sub-15,pain,cue_high_minus_low_low_sd_high_precision,30.03703703722222,6,6,1.0
sub-15,pain,cue_high_minus_low_stimulus_1_low_sd_high_precision,24.92592592777778,3,3,1.0
sub-15,pain,cue_high_minus_low_stimulus_2_low_sd_high_precision,35.148148146666664,3,3,1.0
sub-15,pain,cue_high_minus_low_high_sd_low_precision,28.092592591833334,6,6,1.0
sub-15,pain,cue_high_minus_low_stimulus_1_high_sd_low_precision,23.25925925777778,3,3,1.0
sub-15,pain,cue_high_minus_low_stimulus_2_high_sd_low_precision,32.92592592588888,3,3,1.0
sub-15,pain,cue_effect_high_sd_minus_low_sd,-1.9444444453888863,6,6,1.0
sub-15,pain,uncertainty_high_sd_minus_low_sd,-0.9166666667499994,12,12,1.0
sub-15,vision,cue_high_minus_low,23.361111112222222,12,12,1.0
sub-15,vision,cue_high_minus_low_stimulus_1,23.240740741111114,6,6,1.0
sub-15,vision,cue_high_minus_low_stimulus_2,23.481481483333326,6,6,1.0
sub-15,vision,cue_high_minus_low_low_sd_high_precision,25.500000001111108,6,6,1.0
sub-15,vision,cue_high_minus_low_stimulus_1_low_sd_high_precision,28.29629629555556,3,3,1.0
sub-15,vision,cue_high_minus_low_stimulus_2_low_sd_high_precision,22.70370370666666,3,3,1.0
sub-15,vision,cue_high_minus_low_high_sd_low_precision,21.22222222333333,6,6,1.0
sub-15,vision,cue_high_minus_low_stimulus_1_high_sd_low_precision,18.18518518666667,3,3,1.0
sub-15,vision,cue_high_minus_low_stimulus_2_high_sd_low_precision,24.259259259999993,3,3,1.0
sub-15,vision,cue_effect_high_sd_minus_low_sd,-4.277777777777779,6,6,1.0
sub-15,vision,uncertainty_high_sd_minus_low_sd,-0.2499999994444435,12,12,1.0
sub-16,pain,cue_high_minus_low,19.85185185222222,12,12,1.0
sub-16,pain,cue_high_minus_low_stimulus_1,22.240740740555555,6,6,1.0
sub-16,pain,cue_high_minus_low_stimulus_2,17.462962963888884,6,6,1.0
sub-16,pain,cue_high_minus_low_low_sd_high_precision,23.759259258888886,6,6,1.0
sub-16,pain,cue_high_minus_low_stimulus_1_low_sd_high_precision,25.59259259111111,3,3,1.0
sub-16,pain,cue_high_minus_low_stimulus_2_low_sd_high_precision,21.925925926666665,3,3,1.0
sub-16,pain,cue_high_minus_low_high_sd_low_precision,15.944444445555552,6,6,1.0
sub-16,pain,cue_high_minus_low_stimulus_1_high_sd_low_precision,18.88888889,3,3,1.0
sub-16,pain,cue_high_minus_low_stimulus_2_high_sd_low_precision,13.000000001111106,3,3,1.0
sub-16,pain,cue_effect_high_sd_minus_low_sd,-7.814814813333335,6,6,1.0
sub-16,pain,uncertainty_high_sd_minus_low_sd,-1.3148148144444498,12,12,1.0
sub-16,vision,cue_high_minus_low,14.175925925555555,12,12,1.0
sub-16,vision,cue_high_minus_low_stimulus_1,12.907407407222228,6,6,1.0
sub-16,vision,cue_high_minus_low_stimulus_2,15.444444443888889,6,6,1.0
sub-16,vision,cue_high_minus_low_low_sd_high_precision,15.740740740000001,6,6,1.0
sub-16,vision,cue_high_minus_low_stimulus_1_low_sd_high_precision,14.037037035555558,3,3,1.0
sub-16,vision,cue_high_minus_low_stimulus_2_low_sd_high_precision,17.444444444444443,3,3,1.0
sub-16,vision,cue_high_minus_low_high_sd_low_precision,12.611111111111114,6,6,1.0
sub-16,vision,cue_high_minus_low_stimulus_1_high_sd_low_precision,11.777777778888892,3,3,1.0
sub-16,vision,cue_high_minus_low_stimulus_2_high_sd_low_precision,13.444444443333337,3,3,1.0
sub-16,vision,cue_effect_high_sd_minus_low_sd,-3.1296296288888867,6,6,1.0
sub-16,vision,uncertainty_high_sd_minus_low_sd,-1.731481482777778,12,12,1.0
sub-17,pain,cue_high_minus_low,26.07407407416667,12,12,1.0
sub-17,pain,cue_high_minus_low_stimulus_1,25.62962963,6,6,1.0
sub-17,pain,cue_high_minus_low_stimulus_2,26.518518518333337,6,6,1.0
sub-17,pain,cue_high_minus_low_low_sd_high_precision,22.537037037222223,6,6,1.0
sub-17,pain,cue_high_minus_low_stimulus_1_low_sd_high_precision,26.666666666666668,3,3,1.0
sub-17,pain,cue_high_minus_low_stimulus_2_low_sd_high_precision,18.407407407777782,3,3,1.0
sub-17,pain,cue_high_minus_low_high_sd_low_precision,29.611111111111104,6,6,1.0
sub-17,pain,cue_high_minus_low_stimulus_1_high_sd_low_precision,24.592592593333325,3,3,1.0
sub-17,pain,cue_high_minus_low_stimulus_2_high_sd_low_precision,34.62962962888889,3,3,1.0
sub-17,pain,cue_effect_high_sd_minus_low_sd,7.074074073888885,6,6,1.0
sub-17,pain,uncertainty_high_sd_minus_low_sd,-2.18518518527778,12,12,1.0
sub-17,vision,cue_high_minus_low,24.47222222111111,12,12,1.0
sub-17,vision,cue_high_minus_low_stimulus_1,26.24074073888889,6,6,1.0
sub-17,vision,cue_high_minus_low_stimulus_2,22.70370370333333,6,6,1.0
sub-17,vision,cue_high_minus_low_low_sd_high_precision,26.64814814722222,6,6,1.0
sub-17,vision,cue_high_minus_low_stimulus_1_low_sd_high_precision,28.703703702222224,3,3,1.0
sub-17,vision,cue_high_minus_low_stimulus_2_low_sd_high_precision,24.592592592222218,3,3,1.0
sub-17,vision,cue_high_minus_low_high_sd_low_precision,22.296296294999994,6,6,1.0
sub-17,vision,cue_high_minus_low_stimulus_1_high_sd_low_precision,23.777777775555553,3,3,1.0
sub-17,vision,cue_high_minus_low_stimulus_2_high_sd_low_precision,20.81481481444444,3,3,1.0
sub-17,vision,cue_effect_high_sd_minus_low_sd,-4.351851852222227,6,6,1.0
sub-17,vision,uncertainty_high_sd_minus_low_sd,2.3981481483333322,12,12,1.0
sub-18,pain,cue_high_minus_low,26.657407406944444,12,12,1.0
sub-18,pain,cue_high_minus_low_stimulus_1,27.722222222222218,6,6,1.0
sub-18,pain,cue_high_minus_low_stimulus_2,25.59259259166667,6,6,1.0
sub-18,pain,cue_high_minus_low_low_sd_high_precision,30.31481481388889,6,6,1.0
sub-18,pain,cue_high_minus_low_stimulus_1_low_sd_high_precision,33.370370369999996,3,3,1.0
sub-18,pain,cue_high_minus_low_stimulus_2_low_sd_high_precision,27.259259257777785,3,3,1.0
sub-18,pain,cue_high_minus_low_high_sd_low_precision,23.0,6,6,1.0
sub-18,pain,cue_high_minus_low_stimulus_1_high_sd_low_precision,22.07407407444445,3,3,1.0
sub-18,pain,cue_high_minus_low_stimulus_2_high_sd_low_precision,23.92592592555555,3,3,1.0
sub-18,pain,cue_effect_high_sd_minus_low_sd,-7.314814813888893,6,6,1.0
sub-18,pain,uncertainty_high_sd_minus_low_sd,-2.7314814813888932,12,12,1.0
sub-18,vision,cue_high_minus_low,13.009259258333332,12,12,1.0
sub-18,vision,cue_high_minus_low_stimulus_1,15.814814813888887,6,6,1.0
sub-18,vision,cue_high_minus_low_stimulus_2,10.203703702777778,6,6,1.0
sub-18,vision,cue_high_minus_low_low_sd_high_precision,13.111111110555555,6,6,1.0
sub-18,vision,cue_high_minus_low_stimulus_1_low_sd_high_precision,15.629629629999995,3,3,1.0
sub-18,vision,cue_high_minus_low_stimulus_2_low_sd_high_precision,10.592592591111114,3,3,1.0
sub-18,vision,cue_high_minus_low_high_sd_low_precision,12.907407406111112,6,6,1.0
sub-18,vision,cue_high_minus_low_stimulus_1_high_sd_low_precision,15.999999997777783,3,3,1.0
sub-18,vision,cue_high_minus_low_stimulus_2_high_sd_low_precision,9.814814814444441,3,3,1.0
sub-18,vision,cue_effect_high_sd_minus_low_sd,-0.203703704444442,6,6,1.0
sub-18,vision,uncertainty_high_sd_minus_low_sd,2.2314814816666666,12,12,1.0
sub-20,pain,cue_high_minus_low,-1.296296297222219,12,12,1.0
sub-20,pain,cue_high_minus_low_stimulus_1,-1.0740740749999962,6,6,1.0
sub-20,pain,cue_high_minus_low_stimulus_2,-1.5185185194444415,6,6,1.0
sub-20,pain,cue_high_minus_low_low_sd_high_precision,-6.000000001111101,6,6,1.0
sub-20,pain,cue_high_minus_low_stimulus_1_low_sd_high_precision,-10.370370372222212,3,3,1.0
sub-20,pain,cue_high_minus_low_stimulus_2_low_sd_high_precision,-1.629629629999992,3,3,1.0
sub-20,pain,cue_high_minus_low_high_sd_low_precision,3.407407406666664,6,6,1.0
sub-20,pain,cue_high_minus_low_stimulus_1_high_sd_low_precision,8.22222222222222,3,3,1.0
sub-20,pain,cue_high_minus_low_stimulus_2_high_sd_low_precision,-1.407407408888891,3,3,1.0
sub-20,pain,cue_effect_high_sd_minus_low_sd,9.407407407777766,6,6,1.0
sub-20,pain,uncertainty_high_sd_minus_low_sd,1.50000000111111,12,12,1.0
sub-20,vision,cue_high_minus_low,-1.3009259247222242,12,12,1.0
sub-20,vision,cue_high_minus_low_stimulus_1,-1.0555555538888914,6,6,1.0
sub-20,vision,cue_high_minus_low_stimulus_2,-1.5462962955555568,6,6,1.0
sub-20,vision,cue_high_minus_low_low_sd_high_precision,-1.7685185161111197,6,6,1.0
sub-20,vision,cue_high_minus_low_stimulus_1_low_sd_high_precision,-0.703703701111119,3,3,1.0
sub-20,vision,cue_high_minus_low_stimulus_2_low_sd_high_precision,-2.8333333311111204,3,3,1.0
sub-20,vision,cue_high_minus_low_high_sd_low_precision,-0.8333333333333286,6,6,1.0
sub-20,vision,cue_high_minus_low_stimulus_1_high_sd_low_precision,-1.407407406666664,3,3,1.0
sub-20,vision,cue_high_minus_low_stimulus_2_high_sd_low_precision,-0.2592592599999932,3,3,1.0
sub-20,vision,cue_effect_high_sd_minus_low_sd,0.9351851827777912,6,6,1.0
sub-20,vision,uncertainty_high_sd_minus_low_sd,0.17129629583333164,12,12,1.0
sub-21,pain,cue_high_minus_low,14.0277777785,12,12,1.0
sub-21,pain,cue_high_minus_low_stimulus_1,19.000000000888885,6,6,1.0
sub-21,pain,cue_high_minus_low_stimulus_2,9.055555556111111,6,6,1.0
sub-21,pain,cue_high_minus_low_low_sd_high_precision,12.240740741055555,6,6,1.0
sub-21,pain,cue_high_minus_low_stimulus_1_low_sd_high_precision,21.29629629622222,3,3,1.0
sub-21,pain,cue_high_minus_low_stimulus_2_low_sd_high_precision,3.1851851858888907,3,3,1.0
sub-21,pain,cue_high_minus_low_high_sd_low_precision,15.814814815944443,6,6,1.0
sub-21,pain,cue_high_minus_low_stimulus_1_high_sd_low_precision,16.703703705555554,3,3,1.0
sub-21,pain,cue_high_minus_low_stimulus_2_high_sd_low_precision,14.925925926333333,3,3,1.0
sub-21,pain,cue_effect_high_sd_minus_low_sd,3.574074074888887,6,6,1.0
sub-21,pain,uncertainty_high_sd_minus_low_sd,9.69444444461111,12,12,1.0
sub-21,vision,cue_high_minus_low,15.03703703638889,12,12,1.0
sub-21,vision,cue_high_minus_low_stimulus_1,12.092592592222223,6,6,1.0
sub-21,vision,cue_high_minus_low_stimulus_2,17.98148148055556,6,6,1.0
sub-21,vision,cue_high_minus_low_low_sd_high_precision,12.740740739444442,6,6,1.0
sub-21,vision,cue_high_minus_low_stimulus_1_low_sd_high_precision,5.5925925911111065,3,3,1.0
sub-21,vision,cue_high_minus_low_stimulus_2_low_sd_high_precision,19.888888887777778,3,3,1.0
sub-21,vision,cue_high_minus_low_high_sd_low_precision,17.33333333333334,6,6,1.0
sub-21,vision,cue_high_minus_low_stimulus_1_high_sd_low_precision,18.592592593333336,3,3,1.0
sub-21,vision,cue_high_minus_low_stimulus_2_high_sd_low_precision,16.07407407333334,3,3,1.0
sub-21,vision,cue_effect_high_sd_minus_low_sd,4.592592593888894,6,6,1.0
sub-21,vision,uncertainty_high_sd_minus_low_sd,0.29629629749999903,12,12,1.0
sub-22,pain,cue_high_minus_low,0.9166666669444439,12,12,1.0
sub-22,pain,cue_high_minus_low_stimulus_1,1.6666666677777755,6,6,1.0
sub-22,pain,cue_high_minus_low_stimulus_2,0.16666666611111225,6,6,1.0
sub-22,pain,cue_high_minus_low_low_sd_high_precision,-1.9629629619166689,6,6,1.0
sub-22,pain,cue_high_minus_low_stimulus_1_low_sd_high_precision,3.129629631666662,3,3,1.0
sub-22,pain,cue_high_minus_low_stimulus_2_low_sd_high_precision,-7.0555555555,3,3,1.0
sub-22,pain,cue_high_minus_low_high_sd_low_precision,3.7962962958055564,6,6,1.0
sub-22,pain,cue_high_minus_low_stimulus_1_high_sd_low_precision,0.20370370388888878,3,3,1.0
sub-22,pain,cue_high_minus_low_stimulus_2_high_sd_low_precision,7.388888887722224,3,3,1.0
sub-22,pain,cue_effect_high_sd_minus_low_sd,5.759259257722225,6,6,1.0
sub-22,pain,uncertainty_high_sd_minus_low_sd,-6.759259259444448,12,12,1.0
sub-22,vision,cue_high_minus_low,-0.6759259258333348,12,12,1.0
sub-22,vision,cue_high_minus_low_stimulus_1,1.4259259255555545,6,6,1.0
sub-22,vision,cue_high_minus_low_stimulus_2,-2.7777777772222243,6,6,1.0
sub-22,vision,cue_high_minus_low_low_sd_high_precision,-0.48148148055555967,6,6,1.0
sub-22,vision,cue_high_minus_low_stimulus_1_low_sd_high_precision,5.444444445555554,3,3,1.0
sub-22,vision,cue_high_minus_low_stimulus_2_low_sd_high_precision,-6.407407406666674,3,3,1.0
sub-22,vision,cue_high_minus_low_high_sd_low_precision,-0.8703703711111098,6,6,1.0
sub-22,vision,cue_high_minus_low_stimulus_1_high_sd_low_precision,-2.592592594444445,3,3,1.0
sub-22,vision,cue_high_minus_low_stimulus_2_high_sd_low_precision,0.8518518522222251,3,3,1.0
sub-22,vision,cue_effect_high_sd_minus_low_sd,-0.38888889055555015,6,6,1.0
sub-22,vision,uncertainty_high_sd_minus_low_sd,4.8055555552777784,12,12,1.0
sub-23,pain,cue_high_minus_low,4.175925925000001,12,12,1.0
sub-23,pain,cue_high_minus_low_stimulus_1,7.129629629444444,6,6,1.0
sub-23,pain,cue_high_minus_low_stimulus_2,1.2222222205555593,6,6,1.0
sub-23,pain,cue_high_minus_low_low_sd_high_precision,4.074074073888888,6,6,1.0
sub-23,pain,cue_high_minus_low_stimulus_1_low_sd_high_precision,7.481481482222217,3,3,1.0
sub-23,pain,cue_high_minus_low_stimulus_2_low_sd_high_precision,0.6666666655555602,3,3,1.0
sub-23,pain,cue_high_minus_low_high_sd_low_precision,4.277777776111114,6,6,1.0
sub-23,pain,cue_high_minus_low_stimulus_1_high_sd_low_precision,6.77777777666667,3,3,1.0
sub-23,pain,cue_high_minus_low_stimulus_2_high_sd_low_precision,1.7777777755555586,3,3,1.0
sub-23,pain,cue_effect_high_sd_minus_low_sd,0.20370370222222553,6,6,1.0
sub-23,pain,uncertainty_high_sd_minus_low_sd,-4.342592593333333,12,12,1.0
sub-23,vision,cue_high_minus_low,7.63888888972222,12,12,1.0
sub-23,vision,cue_high_minus_low_stimulus_1,4.925925926111112,6,6,1.0
sub-23,vision,cue_high_minus_low_stimulus_2,10.351851853333331,6,6,1.0
sub-23,vision,cue_high_minus_low_low_sd_high_precision,9.981481482222224,6,6,1.0
sub-23,vision,cue_high_minus_low_stimulus_1_low_sd_high_precision,9.40740740777778,3,3,1.0
sub-23,vision,cue_high_minus_low_stimulus_2_low_sd_high_precision,10.555555556666667,3,3,1.0
sub-23,vision,cue_high_minus_low_high_sd_low_precision,5.296296297222219,6,6,1.0
sub-23,vision,cue_high_minus_low_stimulus_1_high_sd_low_precision,0.44444444444444287,3,3,1.0
sub-23,vision,cue_high_minus_low_stimulus_2_high_sd_low_precision,10.148148149999995,3,3,1.0
sub-23,vision,cue_effect_high_sd_minus_low_sd,-4.685185185000004,6,6,1.0
sub-23,vision,uncertainty_high_sd_minus_low_sd,1.2685185180555545,12,12,1.0
sub-25,pain,cue_high_minus_low,5.347222222500001,12,12,1.0
sub-25,pain,cue_high_minus_low_stimulus_1,-0.472222221666667,6,6,1.0
sub-25,pain,cue_high_minus_low_stimulus_2,11.166666666666666,6,6,1.0
sub-25,pain,cue_high_minus_low_low_sd_high_precision,5.027777779166667,6,6,1.0
sub-25,pain,cue_high_minus_low_stimulus_1_low_sd_high_precision,-5.333333331666668,3,3,1.0
sub-25,pain,cue_high_minus_low_stimulus_2_low_sd_high_precision,15.388888890000002,3,3,1.0
sub-25,pain,cue_high_minus_low_high_sd_low_precision,5.666666665833334,6,6,1.0
sub-25,pain,cue_high_minus_low_stimulus_1_high_sd_low_precision,4.388888888333334,3,3,1.0
sub-25,pain,cue_high_minus_low_stimulus_2_high_sd_low_precision,6.944444443333334,3,3,1.0
sub-25,pain,cue_effect_high_sd_minus_low_sd,0.6388888866666669,6,6,1.0
sub-25,pain,uncertainty_high_sd_minus_low_sd,13.458333333333336,12,12,1.0
sub-25,vision,cue_high_minus_low,5.875000001666666,12,12,1.0
sub-25,vision,cue_high_minus_low_stimulus_1,2.9444444450000007,6,6,1.0
sub-25,vision,cue_high_minus_low_stimulus_2,8.80555555833333,6,6,1.0
sub-25,vision,cue_high_minus_low_low_sd_high_precision,5.555555555833332,6,6,1.0
sub-25,vision,cue_high_minus_low_stimulus_1_low_sd_high_precision,0.5555555533333371,3,3,1.0
sub-25,vision,cue_high_minus_low_stimulus_2_low_sd_high_precision,10.555555558333326,3,3,1.0
sub-25,vision,cue_high_minus_low_high_sd_low_precision,6.194444447499998,6,6,1.0
sub-25,vision,cue_high_minus_low_stimulus_1_high_sd_low_precision,5.333333336666665,3,3,1.0
sub-25,vision,cue_high_minus_low_stimulus_2_high_sd_low_precision,7.055555558333332,3,3,1.0
sub-25,vision,cue_effect_high_sd_minus_low_sd,0.6388888916666661,6,6,1.0
sub-25,vision,uncertainty_high_sd_minus_low_sd,-7.986111112499999,12,12,1.0
sub-26,pain,cue_high_minus_low,8.560185185555556,12,12,1.0
sub-26,pain,cue_high_minus_low_stimulus_1,14.157407406944449,6,6,1.0
sub-26,pain,cue_high_minus_low_stimulus_2,2.9629629641666653,6,6,1.0
sub-26,pain,cue_high_minus_low_low_sd_high_precision,5.805555556666668,6,6,1.0
sub-26,pain,cue_high_minus_low_stimulus_1_low_sd_high_precision,7.833333333888892,3,3,1.0
sub-26,pain,cue_high_minus_low_stimulus_2_low_sd_high_precision,3.777777779444444,3,3,1.0
sub-26,pain,cue_high_minus_low_high_sd_low_precision,11.314814814444444,6,6,1.0
sub-26,pain,cue_high_minus_low_stimulus_1_high_sd_low_precision,20.481481480000003,3,3,1.0
sub-26,pain,cue_high_minus_low_stimulus_2_high_sd_low_precision,2.148148148888886,3,3,1.0
sub-26,pain,cue_effect_high_sd_minus_low_sd,5.509259257777775,6,6,1.0
sub-26,pain,uncertainty_high_sd_minus_low_sd,1.9583333330555572,12,12,1.0
sub-26,vision,cue_high_minus_low,11.467592591527776,12,12,1.0
sub-26,vision,cue_high_minus_low_stimulus_1,10.379629628611111,6,6,1.0
sub-26,vision,cue_high_minus_low_stimulus_2,12.55555555444444,6,6,1.0
sub-26,vision,cue_high_minus_low_low_sd_high_precision,14.157407405833334,6,6,1.0
sub-26,vision,cue_high_minus_low_stimulus_1_low_sd_high_precision,15.999999998888889,3,3,1.0
sub-26,vision,cue_high_minus_low_stimulus_2_low_sd_high_precision,12.314814812777781,3,3,1.0
sub-26,vision,cue_high_minus_low_high_sd_low_precision,8.777777777222218,6,6,1.0
sub-26,vision,cue_high_minus_low_stimulus_1_high_sd_low_precision,4.759259258333334,3,3,1.0
sub-26,vision,cue_high_minus_low_stimulus_2_high_sd_low_precision,12.7962962961111,3,3,1.0
sub-26,vision,cue_effect_high_sd_minus_low_sd,-5.379629628611117,6,6,1.0
sub-26,vision,uncertainty_high_sd_minus_low_sd,-2.226851852083333,12,12,1.0
sub-27,pain,cue_high_minus_low,3.8402777775694443,12,12,1.0
sub-27,pain,cue_high_minus_low_stimulus_1,10.09259259333333,6,6,1.0
sub-27,pain,cue_high_minus_low_stimulus_2,-2.412037038194441,6,6,1.0
sub-27,pain,cue_high_minus_low_low_sd_high_precision,3.1759259259722206,6,6,1.0
sub-27,pain,cue_high_minus_low_stimulus_1_low_sd_high_precision,8.703703704999993,3,3,1.0
sub-27,pain,cue_high_minus_low_stimulus_2_low_sd_high_precision,-2.351851853055552,3,3,1.0
sub-27,pain,cue_high_minus_low_high_sd_low_precision,4.5046296291666685,6,6,1.0
sub-27,pain,cue_high_minus_low_stimulus_1_high_sd_low_precision,11.481481481666668,3,3,1.0
sub-27,pain,cue_high_minus_low_stimulus_2_high_sd_low_precision,-2.4722222233333304,3,3,1.0
sub-27,pain,cue_effect_high_sd_minus_low_sd,1.3287037031944482,6,6,1.0
sub-27,pain,uncertainty_high_sd_minus_low_sd,-1.8310185196527755,12,12,1.0
sub-27,vision,cue_high_minus_low,6.750000000138889,12,12,1.0
sub-27,vision,cue_high_minus_low_stimulus_1,3.884259258888891,6,6,1.0
sub-27,vision,cue_high_minus_low_stimulus_2,9.615740741388887,6,6,1.0
sub-27,vision,cue_high_minus_low_low_sd_high_precision,9.652777778194444,6,6,1.0
sub-27,vision,cue_high_minus_low_stimulus_1_low_sd_high_precision,8.500000000555557,3,3,1.0
sub-27,vision,cue_high_minus_low_stimulus_2_low_sd_high_precision,10.805555555833331,3,3,1.0
sub-27,vision,cue_high_minus_low_high_sd_low_precision,3.847222222083333,6,6,1.0
sub-27,vision,cue_high_minus_low_stimulus_1_high_sd_low_precision,-0.7314814827777761,3,3,1.0
sub-27,vision,cue_high_minus_low_stimulus_2_high_sd_low_precision,8.425925926944442,3,3,1.0
sub-27,vision,cue_effect_high_sd_minus_low_sd,-5.805555556111112,6,6,1.0
sub-27,vision,uncertainty_high_sd_minus_low_sd,3.791666666111111,12,12,1.0
sub-28,pain,cue_high_minus_low,10.907407407972224,12,12,1.0
sub-28,pain,cue_high_minus_low_stimulus_1,13.685185184833339,6,6,1.0
sub-28,pain,cue_high_minus_low_stimulus_2,8.12962963111111,6,6,1.0
sub-28,pain,cue_high_minus_low_low_sd_high_precision,10.6851851865,6,6,1.0
sub-28,pain,cue_high_minus_low_stimulus_1_low_sd_high_precision,17.185185185222227,3,3,1.0
sub-28,pain,cue_high_minus_low_stimulus_2_low_sd_high_precision,4.185185187777772,3,3,1.0
sub-28,pain,cue_high_minus_low_high_sd_low_precision,11.12962962944445,6,6,1.0
sub-28,pain,cue_high_minus_low_stimulus_1_high_sd_low_precision,10.18518518444445,3,3,1.0
sub-28,pain,cue_high_minus_low_stimulus_2_high_sd_low_precision,12.074074074444448,3,3,1.0
sub-28,pain,cue_effect_high_sd_minus_low_sd,0.44444444294444924,6,6,1.0
sub-28,pain,uncertainty_high_sd_minus_low_sd,0.2407407413055521,12,12,1.0
sub-28,vision,cue_high_minus_low,1.8240740741666652,12,12,1.0
sub-28,vision,cue_high_minus_low_stimulus_1,1.3333333338888902,6,6,1.0
sub-28,vision,cue_high_minus_low_stimulus_2,2.3148148144444405,6,6,1.0
sub-28,vision,cue_high_minus_low_low_sd_high_precision,3.0185185177777782,6,6,1.0
sub-28,vision,cue_high_minus_low_stimulus_1_low_sd_high_precision,0.3703703700000034,3,3,1.0
sub-28,vision,cue_high_minus_low_stimulus_2_low_sd_high_precision,5.666666665555553,3,3,1.0
sub-28,vision,cue_high_minus_low_high_sd_low_precision,0.6296296305555522,6,6,1.0
sub-28,vision,cue_high_minus_low_stimulus_1_high_sd_low_precision,2.296296297777777,3,3,1.0
sub-28,vision,cue_high_minus_low_stimulus_2_high_sd_low_precision,-1.0370370366666724,3,3,1.0
sub-28,vision,cue_effect_high_sd_minus_low_sd,-2.388888887222226,6,6,1.0
sub-28,vision,uncertainty_high_sd_minus_low_sd,2.6944444436111143,12,12,1.0
sub-29,pain,cue_high_minus_low,-2.499999999999999,12,12,1.0
sub-29,pain,cue_high_minus_low_stimulus_1,-3.907407407777777,6,6,1.0
sub-29,pain,cue_high_minus_low_stimulus_2,-1.0925925922222213,6,6,1.0
sub-29,pain,cue_high_minus_low_low_sd_high_precision,1.1481481485000007,6,6,1.0
sub-29,pain,cue_high_minus_low_stimulus_1_low_sd_high_precision,-1.962962962999999,3,3,1.0
sub-29,pain,cue_high_minus_low_stimulus_2_low_sd_high_precision,4.25925926,3,3,1.0
sub-29,pain,cue_high_minus_low_high_sd_low_precision,-6.148148148499999,6,6,1.0
sub-29,pain,cue_high_minus_low_stimulus_1_high_sd_low_precision,-5.851851852555555,3,3,1.0
sub-29,pain,cue_high_minus_low_stimulus_2_high_sd_low_precision,-6.444444444444443,3,3,1.0
sub-29,pain,cue_effect_high_sd_minus_low_sd,-7.2962962970000005,6,6,1.0
sub-29,pain,uncertainty_high_sd_minus_low_sd,7.370370370555553,12,12,1.0
sub-29,vision,cue_high_minus_low,-0.8796296297222229,12,12,1.0
sub-29,vision,cue_high_minus_low_stimulus_1,0.22222222166666464,6,6,1.0
sub-29,vision,cue_high_minus_low_stimulus_2,-1.9814814811111106,6,6,1.0
sub-29,vision,cue_high_minus_low_low_sd_high_precision,-2.2777777777777737,6,6,1.0
sub-29,vision,cue_high_minus_low_stimulus_1_low_sd_high_precision,2.740740741111111,3,3,1.0
sub-29,vision,cue_high_minus_low_stimulus_2_low_sd_high_precision,-7.296296296666658,3,3,1.0
sub-29,vision,cue_high_minus_low_high_sd_low_precision,0.518518518333328,6,6,1.0
sub-29,vision,cue_high_minus_low_stimulus_1_high_sd_low_precision,-2.2962962977777814,3,3,1.0
sub-29,vision,cue_high_minus_low_stimulus_2_high_sd_low_precision,3.3333333344444376,3,3,1.0
sub-29,vision,cue_effect_high_sd_minus_low_sd,2.7962962961111018,6,6,1.0
sub-29,vision,uncertainty_high_sd_minus_low_sd,6.101851852499997,12,12,1.0
sub-31,pain,cue_high_minus_low,-1.3518518524999976,12,12,1.0
sub-31,pain,cue_high_minus_low_stimulus_1,-7.953703703611112,6,6,1.0
sub-31,pain,cue_high_minus_low_stimulus_2,5.249999998611116,6,6,1.0
sub-31,pain,cue_high_minus_low_low_sd_high_precision,-7.435185184999999,6,6,1.0
sub-31,pain,cue_high_minus_low_stimulus_1_low_sd_high_precision,-17.25925925888889,3,3,1.0
sub-31,pain,cue_high_minus_low_stimulus_2_low_sd_high_precision,2.3888888888888906,3,3,1.0
sub-31,pain,cue_high_minus_low_high_sd_low_precision,4.731481480000004,6,6,1.0
sub-31,pain,cue_high_minus_low_stimulus_1_high_sd_low_precision,1.351851851666666,3,3,1.0
sub-31,pain,cue_high_minus_low_stimulus_2_high_sd_low_precision,8.111111108333342,3,3,1.0
sub-31,pain,cue_effect_high_sd_minus_low_sd,12.166666665000003,6,6,1.0
sub-31,pain,uncertainty_high_sd_minus_low_sd,2.1944444452777767,12,12,1.0
sub-31,vision,cue_high_minus_low,-5.300925925416668,12,12,1.0
sub-31,vision,cue_high_minus_low_stimulus_1,-6.824074073055557,6,6,1.0
sub-31,vision,cue_high_minus_low_stimulus_2,-3.77777777777778,6,6,1.0
sub-31,vision,cue_high_minus_low_low_sd_high_precision,-7.740740740555558,6,6,1.0
sub-31,vision,cue_high_minus_low_stimulus_1_low_sd_high_precision,-4.777777777777776,3,3,1.0
sub-31,vision,cue_high_minus_low_stimulus_2_low_sd_high_precision,-10.703703703333339,3,3,1.0
sub-31,vision,cue_high_minus_low_high_sd_low_precision,-2.861111110277779,6,6,1.0
sub-31,vision,cue_high_minus_low_stimulus_1_high_sd_low_precision,-8.870370368333338,3,3,1.0
sub-31,vision,cue_high_minus_low_stimulus_2_high_sd_low_precision,3.1481481477777797,3,3,1.0
sub-31,vision,cue_effect_high_sd_minus_low_sd,4.879629630277779,6,6,1.0
sub-31,vision,uncertainty_high_sd_minus_low_sd,-0.7638888893055515,12,12,1.0
sub-32,pain,cue_high_minus_low,28.416666666861108,12,12,1.0
sub-32,pain,cue_high_minus_low_stimulus_1,33.24074074094445,6,6,1.0
sub-32,pain,cue_high_minus_low_stimulus_2,23.59259259277778,6,6,1.0
sub-32,pain,cue_high_minus_low_low_sd_high_precision,27.77777777888889,6,6,1.0
sub-32,pain,cue_high_minus_low_stimulus_1_low_sd_high_precision,34.25925926,3,3,1.0
sub-32,pain,cue_high_minus_low_stimulus_2_low_sd_high_precision,21.296296297777776,3,3,1.0
sub-32,pain,cue_high_minus_low_high_sd_low_precision,29.055555554833337,6,6,1.0
sub-32,pain,cue_high_minus_low_stimulus_1_high_sd_low_precision,32.22222222188889,3,3,1.0
sub-32,pain,cue_high_minus_low_stimulus_2_high_sd_low_precision,25.888888887777785,3,3,1.0
sub-32,pain,cue_effect_high_sd_minus_low_sd,1.2777777759444486,6,6,1.0
sub-32,pain,uncertainty_high_sd_minus_low_sd,-4.879629630194439,12,12,1.0
sub-32,vision,cue_high_minus_low,22.55555555416667,12,12,1.0
sub-32,vision,cue_high_minus_low_stimulus_1,22.740740739999996,6,6,1.0
sub-32,vision,cue_high_minus_low_stimulus_2,22.370370368333337,6,6,1.0
sub-32,vision,cue_high_minus_low_low_sd_high_precision,24.481481480555555,6,6,1.0
sub-32,vision,cue_high_minus_low_stimulus_1_low_sd_high_precision,25.66666666666666,3,3,1.0
sub-32,vision,cue_high_minus_low_stimulus_2_low_sd_high_precision,23.29629629444445,3,3,1.0
sub-32,vision,cue_high_minus_low_high_sd_low_precision,20.629629627777778,6,6,1.0
sub-32,vision,cue_high_minus_low_stimulus_1_high_sd_low_precision,19.81481481333333,3,3,1.0
sub-32,vision,cue_high_minus_low_stimulus_2_high_sd_low_precision,21.44444444222222,3,3,1.0
sub-32,vision,cue_effect_high_sd_minus_low_sd,-3.8518518527777794,6,6,1.0
sub-32,vision,uncertainty_high_sd_minus_low_sd,5.055555555277777,12,12,1.0
sub-33,pain,cue_high_minus_low,9.083333333805554,12,12,1.0
sub-33,pain,cue_high_minus_low_stimulus_1,17.24074074038889,6,6,1.0
sub-33,pain,cue_high_minus_low_stimulus_2,0.9259259272222167,6,6,1.0
sub-33,pain,cue_high_minus_low_low_sd_high_precision,11.83333333499999,6,6,1.0
sub-33,pain,cue_high_minus_low_stimulus_1_low_sd_high_precision,21.92592592666666,3,3,1.0
sub-33,pain,cue_high_minus_low_stimulus_2_low_sd_high_precision,1.740740743333319,3,3,1.0
sub-33,pain,cue_high_minus_low_high_sd_low_precision,6.333333332611115,6,6,1.0
sub-33,pain,cue_high_minus_low_stimulus_1_high_sd_low_precision,12.555555554111116,3,3,1.0
sub-33,pain,cue_high_minus_low_stimulus_2_high_sd_low_precision,0.11111111111111427,3,3,1.0
sub-33,pain,cue_effect_high_sd_minus_low_sd,-5.500000002388874,6,6,1.0
sub-33,pain,uncertainty_high_sd_minus_low_sd,-0.9722222226944405,12,12,1.0
sub-33,vision,cue_high_minus_low,18.91666666638889,12,12,1.0
sub-33,vision,cue_high_minus_low_stimulus_1,22.85185185166667,6,6,1.0
sub-33,vision,cue_high_minus_low_stimulus_2,14.981481481111109,6,6,1.0
sub-33,vision,cue_high_minus_low_low_sd_high_precision,18.14814814722222,6,6,1.0
sub-33,vision,cue_high_minus_low_stimulus_1_low_sd_high_precision,23.111111110000007,3,3,1.0
sub-33,vision,cue_high_minus_low_stimulus_2_low_sd_high_precision,13.185185184444437,3,3,1.0
sub-33,vision,cue_high_minus_low_high_sd_low_precision,19.68518518555555,6,6,1.0
sub-33,vision,cue_high_minus_low_stimulus_1_high_sd_low_precision,22.592592593333325,3,3,1.0
sub-33,vision,cue_high_minus_low_stimulus_2_high_sd_low_precision,16.77777777777778,3,3,1.0
sub-33,vision,cue_effect_high_sd_minus_low_sd,1.537037038333332,6,6,1.0
sub-33,vision,uncertainty_high_sd_minus_low_sd,0.08333333361110995,12,12,1.0
sub-34,pain,cue_high_minus_low,18.287037038333327,12,12,1.0
sub-34,pain,cue_high_minus_low_stimulus_1,21.574074075555554,6,6,1.0
sub-34,pain,cue_high_minus_low_stimulus_2,15.00000000111111,6,6,1.0
sub-34,pain,cue_high_minus_low_low_sd_high_precision,19.166666667777772,6,6,1.0
sub-34,pain,cue_high_minus_low_stimulus_1_low_sd_high_precision,20.29629629666666,3,3,1.0
sub-34,pain,cue_high_minus_low_stimulus_2_low_sd_high_precision,18.037037038888887,3,3,1.0
sub-34,pain,cue_high_minus_low_high_sd_low_precision,17.40740740888889,6,6,1.0
sub-34,pain,cue_high_minus_low_stimulus_1_high_sd_low_precision,22.851851854444444,3,3,1.0
sub-34,pain,cue_high_minus_low_stimulus_2_high_sd_low_precision,11.962962963333332,3,3,1.0
sub-34,pain,cue_effect_high_sd_minus_low_sd,-1.7592592588888856,6,6,1.0
sub-34,pain,uncertainty_high_sd_minus_low_sd,2.268518518333337,12,12,1.0
sub-34,vision,cue_high_minus_low,0.7962962954166649,12,12,1.0
sub-34,vision,cue_high_minus_low_stimulus_1,0.9537037011111137,6,6,1.0
sub-34,vision,cue_high_minus_low_stimulus_2,0.6388888897222161,6,6,1.0
sub-34,vision,cue_high_minus_low_low_sd_high_precision,1.8055555547222202,6,6,1.0
sub-34,vision,cue_high_minus_low_stimulus_1_low_sd_high_precision,5.703703702222222,3,3,1.0
sub-34,vision,cue_high_minus_low_stimulus_2_low_sd_high_precision,-2.0925925927777818,3,3,1.0
sub-34,vision,cue_high_minus_low_high_sd_low_precision,-0.21296296388889027,6,6,1.0
sub-34,vision,cue_high_minus_low_stimulus_1_high_sd_low_precision,-3.7962962999999945,3,3,1.0
sub-34,vision,cue_high_minus_low_stimulus_2_high_sd_low_precision,3.370370372222214,3,3,1.0
sub-34,vision,cue_effect_high_sd_minus_low_sd,-2.0185185186111103,6,6,1.0
sub-34,vision,uncertainty_high_sd_minus_low_sd,-2.35185185180556,12,12,1.0
sub-35,pain,cue_high_minus_low,17.115740741249997,12,12,1.0
sub-35,pain,cue_high_minus_low_stimulus_1,18.62962963027778,6,6,1.0
sub-35,pain,cue_high_minus_low_stimulus_2,15.601851852222223,6,6,1.0
sub-35,pain,cue_high_minus_low_low_sd_high_precision,19.805555555555554,6,6,1.0
sub-35,pain,cue_high_minus_low_stimulus_1_low_sd_high_precision,17.925925925555557,3,3,1.0
sub-35,pain,cue_high_minus_low_stimulus_2_low_sd_high_precision,21.685185185555554,3,3,1.0
sub-35,pain,cue_high_minus_low_high_sd_low_precision,14.425925926944446,6,6,1.0
sub-35,pain,cue_high_minus_low_stimulus_1_high_sd_low_precision,19.333333335000003,3,3,1.0
sub-35,pain,cue_high_minus_low_stimulus_2_high_sd_low_precision,9.51851851888889,3,3,1.0
sub-35,pain,cue_effect_high_sd_minus_low_sd,-5.37962962861111,6,6,1.0
sub-35,pain,uncertainty_high_sd_minus_low_sd,4.99537037013889,12,12,1.0
sub-35,vision,cue_high_minus_low,16.972222222499997,12,12,1.0
sub-35,vision,cue_high_minus_low_stimulus_1,20.731481482499998,6,6,1.0
sub-35,vision,cue_high_minus_low_stimulus_2,13.2129629625,6,6,1.0
sub-35,vision,cue_high_minus_low_low_sd_high_precision,19.43518518638889,6,6,1.0
sub-35,vision,cue_high_minus_low_stimulus_1_low_sd_high_precision,19.851851853888885,3,3,1.0
sub-35,vision,cue_high_minus_low_stimulus_2_low_sd_high_precision,19.01851851888889,3,3,1.0
sub-35,vision,cue_high_minus_low_high_sd_low_precision,14.509259258611115,6,6,1.0
sub-35,vision,cue_high_minus_low_stimulus_1_high_sd_low_precision,21.611111111111114,3,3,1.0
sub-35,vision,cue_high_minus_low_stimulus_2_high_sd_low_precision,7.407407406111112,3,3,1.0
sub-35,vision,cue_effect_high_sd_minus_low_sd,-4.925925927777775,6,6,1.0
sub-35,vision,uncertainty_high_sd_minus_low_sd,2.9259259258333334,12,12,1.0
sub-36,pain,cue_high_minus_low,3.342592592611112,12,12,1.0
sub-36,pain,cue_high_minus_low_stimulus_1,1.6481481481666684,6,6,1.0
sub-36,pain,cue_high_minus_low_stimulus_2,5.037037037055555,6,6,1.0
sub-36,pain,cue_high_minus_low_low_sd_high_precision,-2.5370370373888878,6,6,1.0
sub-36,pain,cue_high_minus_low_stimulus_1_low_sd_high_precision,-8.481481482222218,3,3,1.0
sub-36,pain,cue_high_minus_low_stimulus_2_low_sd_high_precision,3.407407407444443,3,3,1.0
sub-36,pain,cue_high_minus_low_high_sd_low_precision,9.22222222261111,6,6,1.0
sub-36,pain,cue_high_minus_low_stimulus_1_high_sd_low_precision,11.777777778555555,3,3,1.0
sub-36,pain,cue_high_minus_low_stimulus_2_high_sd_low_precision,6.666666666666667,3,3,1.0
sub-36,pain,cue_effect_high_sd_minus_low_sd,11.759259259999999,6,6,1.0
sub-36,pain,uncertainty_high_sd_minus_low_sd,-4.175925926888892,12,12,1.0
sub-36,vision,cue_high_minus_low,-0.40740740777777756,12,12,1.0
sub-36,vision,cue_high_minus_low_stimulus_1,-0.648148148333334,6,6,1.0
sub-36,vision,cue_high_minus_low_stimulus_2,-0.1666666672222211,6,6,1.0
sub-36,vision,cue_high_minus_low_low_sd_high_precision,-1.2037037038888887,6,6,1.0
sub-36,vision,cue_high_minus_low_stimulus_1_low_sd_high_precision,-1.8888888899999945,3,3,1.0
sub-36,vision,cue_high_minus_low_stimulus_2_low_sd_high_precision,-0.518518517777783,3,3,1.0
sub-36,vision,cue_high_minus_low_high_sd_low_precision,0.3888888883333337,6,6,1.0
sub-36,vision,cue_high_minus_low_stimulus_1_high_sd_low_precision,0.5925925933333266,3,3,1.0
sub-36,vision,cue_high_minus_low_stimulus_2_high_sd_low_precision,0.1851851833333408,3,3,1.0
sub-36,vision,cue_effect_high_sd_minus_low_sd,1.5925925922222224,6,6,1.0
sub-36,vision,uncertainty_high_sd_minus_low_sd,1.203703703333332,12,12,1.0
sub-37,pain,cue_high_minus_low,13.907407407111114,12,12,1.0
sub-37,pain,cue_high_minus_low_stimulus_1,11.666666665833334,6,6,1.0
sub-37,pain,cue_high_minus_low_stimulus_2,16.148148148388888,6,6,1.0
sub-37,pain,cue_high_minus_low_low_sd_high_precision,15.574074074166669,6,6,1.0
sub-37,pain,cue_high_minus_low_stimulus_1_low_sd_high_precision,12.185185184222226,3,3,1.0
sub-37,pain,cue_high_minus_low_stimulus_2_low_sd_high_precision,18.96296296411111,3,3,1.0
sub-37,pain,cue_high_minus_low_high_sd_low_precision,12.240740740055555,6,6,1.0
sub-37,pain,cue_high_minus_low_stimulus_1_high_sd_low_precision,11.148148147444445,3,3,1.0
sub-37,pain,cue_high_minus_low_stimulus_2_high_sd_low_precision,13.333333332666667,3,3,1.0
sub-37,pain,cue_effect_high_sd_minus_low_sd,-3.3333333341111104,6,6,1.0
sub-37,pain,uncertainty_high_sd_minus_low_sd,-6.851851851222222,12,12,1.0
sub-37,vision,cue_high_minus_low,9.125000000138888,12,12,1.0
sub-37,vision,cue_high_minus_low_stimulus_1,10.731481481388888,6,6,1.0
sub-37,vision,cue_high_minus_low_stimulus_2,7.518518518888889,6,6,1.0
sub-37,vision,cue_high_minus_low_low_sd_high_precision,9.546296296388888,6,6,1.0
sub-37,vision,cue_high_minus_low_stimulus_1_low_sd_high_precision,13.72222222166667,3,3,1.0
sub-37,vision,cue_high_minus_low_stimulus_2_low_sd_high_precision,5.3703703711111075,3,3,1.0
sub-37,vision,cue_high_minus_low_high_sd_low_precision,8.70370370388889,6,6,1.0
sub-37,vision,cue_high_minus_low_stimulus_1_high_sd_low_precision,7.740740741111108,3,3,1.0
sub-37,vision,cue_high_minus_low_stimulus_2_high_sd_low_precision,9.66666666666667,3,3,1.0
sub-37,vision,cue_effect_high_sd_minus_low_sd,-0.8425925924999991,6,6,1.0
sub-37,vision,uncertainty_high_sd_minus_low_sd,-0.43981481458333277,12,12,1.0
sub-38,pain,cue_high_minus_low,13.72222222125,12,12,1.0
sub-38,pain,cue_high_minus_low_stimulus_1,17.0,6,6,1.0
sub-38,pain,cue_high_minus_low_stimulus_2,10.444444442500002,6,6,1.0
sub-38,pain,cue_high_minus_low_low_sd_high_precision,11.138888889166665,6,6,1.0
sub-38,pain,cue_high_minus_low_stimulus_1_low_sd_high_precision,12.05555555833333,3,3,1.0
sub-38,pain,cue_high_minus_low_stimulus_2_low_sd_high_precision,10.22222222,3,3,1.0
sub-38,pain,cue_high_minus_low_high_sd_low_precision,16.305555553333335,6,6,1.0
sub-38,pain,cue_high_minus_low_stimulus_1_high_sd_low_precision,21.944444441666672,3,3,1.0
sub-38,pain,cue_high_minus_low_stimulus_2_high_sd_low_precision,10.666666665000001,3,3,1.0
sub-38,pain,cue_effect_high_sd_minus_low_sd,5.1666666641666685,6,6,1.0
sub-38,pain,uncertainty_high_sd_minus_low_sd,1.4166666662500011,12,12,1.0
sub-38,vision,cue_high_minus_low,16.305555555416664,12,12,1.0
sub-38,vision,cue_high_minus_low_stimulus_1,16.444444444166667,6,6,1.0
sub-38,vision,cue_high_minus_low_stimulus_2,16.166666666666668,6,6,1.0
sub-38,vision,cue_high_minus_low_low_sd_high_precision,21.25,6,6,1.0
sub-38,vision,cue_high_minus_low_stimulus_1_low_sd_high_precision,24.222222221666666,3,3,1.0
sub-38,vision,cue_high_minus_low_stimulus_2_low_sd_high_precision,18.27777777833333,3,3,1.0
sub-38,vision,cue_high_minus_low_high_sd_low_precision,11.361111110833336,6,6,1.0
sub-38,vision,cue_high_minus_low_stimulus_1_high_sd_low_precision,8.666666666666671,3,3,1.0
sub-38,vision,cue_high_minus_low_stimulus_2_high_sd_low_precision,14.055555555000003,3,3,1.0
sub-38,vision,cue_effect_high_sd_minus_low_sd,-9.88888888916666,6,6,1.0
sub-38,vision,uncertainty_high_sd_minus_low_sd,4.277777777083337,12,12,1.0
sub-39,pain,cue_high_minus_low,5.407407407500003,12,12,1.0
sub-39,pain,cue_high_minus_low_stimulus_1,10.777777777611112,6,6,1.0
sub-39,pain,cue_high_minus_low_stimulus_2,0.037037037388892934,6,6,1.0
sub-39,pain,cue_high_minus_low_low_sd_high_precision,4.7962962962777835,6,6,1.0
sub-39,pain,cue_high_minus_low_stimulus_1_low_sd_high_precision,13.000000000333335,3,3,1.0
sub-39,pain,cue_high_minus_low_stimulus_2_low_sd_high_precision,-3.407407407777768,3,3,1.0
sub-39,pain,cue_high_minus_low_high_sd_low_precision,6.018518518722221,6,6,1.0
sub-39,pain,cue_high_minus_low_stimulus_1_high_sd_low_precision,8.555555554888889,3,3,1.0
sub-39,pain,cue_high_minus_low_stimulus_2_high_sd_low_precision,3.481481482555554,3,3,1.0
sub-39,pain,cue_effect_high_sd_minus_low_sd,1.2222222224444377,6,6,1.0
sub-39,pain,uncertainty_high_sd_minus_low_sd,-2.8703703700555567,12,12,1.0
sub-39,vision,cue_high_minus_low,7.07407407583333,12,12,1.0
sub-39,vision,cue_high_minus_low_stimulus_1,6.648148149999997,6,6,1.0
sub-39,vision,cue_high_minus_low_stimulus_2,7.500000001666662,6,6,1.0
sub-39,vision,cue_high_minus_low_low_sd_high_precision,5.222222223888886,6,6,1.0
sub-39,vision,cue_high_minus_low_stimulus_1_low_sd_high_precision,9.444444445555554,3,3,1.0
sub-39,vision,cue_high_minus_low_stimulus_2_low_sd_high_precision,1.0000000022222177,3,3,1.0
sub-39,vision,cue_high_minus_low_high_sd_low_precision,8.925925927777774,6,6,1.0
sub-39,vision,cue_high_minus_low_stimulus_1_high_sd_low_precision,3.8518518544444404,3,3,1.0
sub-39,vision,cue_high_minus_low_stimulus_2_high_sd_low_precision,14.000000001111106,3,3,1.0
sub-39,vision,cue_effect_high_sd_minus_low_sd,3.7037037038888876,6,6,1.0
sub-39,vision,uncertainty_high_sd_minus_low_sd,-1.518518518055555,12,12,1.0
sub-40,pain,cue_high_minus_low,10.0092592585,12,12,1.0
sub-40,pain,cue_high_minus_low_stimulus_1,6.203703703166667,6,6,1.0
sub-40,pain,cue_high_minus_low_stimulus_2,13.814814813833335,6,6,1.0
sub-40,pain,cue_high_minus_low_low_sd_high_precision,13.703703703500002,6,6,1.0
sub-40,pain,cue_high_minus_low_stimulus_1_low_sd_high_precision,11.814814814444446,3,3,1.0
sub-40,pain,cue_high_minus_low_stimulus_2_low_sd_high_precision,15.592592592555556,3,3,1.0
sub-40,pain,cue_high_minus_low_high_sd_low_precision,6.314814813500001,6,6,1.0
sub-40,pain,cue_high_minus_low_stimulus_1_high_sd_low_precision,0.5925925918888891,3,3,1.0
sub-40,pain,cue_high_minus_low_stimulus_2_high_sd_low_precision,12.037037035111112,3,3,1.0
sub-40,pain,cue_effect_high_sd_minus_low_sd,-7.3888888900000005,6,6,1.0
sub-40,pain,uncertainty_high_sd_minus_low_sd,1.787037036833332,12,12,1.0
sub-40,vision,cue_high_minus_low,12.490740740277777,12,12,1.0
sub-40,vision,cue_high_minus_low_stimulus_1,10.629629629444443,6,6,1.0
sub-40,vision,cue_high_minus_low_stimulus_2,14.351851851111114,6,6,1.0
sub-40,vision,cue_high_minus_low_low_sd_high_precision,13.611111111111109,6,6,1.0
sub-40,vision,cue_high_minus_low_stimulus_1_low_sd_high_precision,8.925925927777776,3,3,1.0
sub-40,vision,cue_high_minus_low_stimulus_2_low_sd_high_precision,18.296296294444446,3,3,1.0
sub-40,vision,cue_high_minus_low_high_sd_low_precision,11.370370369444444,6,6,1.0
sub-40,vision,cue_high_minus_low_stimulus_1_high_sd_low_precision,12.333333331111112,3,3,1.0
sub-40,vision,cue_high_minus_low_stimulus_2_high_sd_low_precision,10.40740740777778,3,3,1.0
sub-40,vision,cue_effect_high_sd_minus_low_sd,-2.240740741666665,6,6,1.0
sub-40,vision,uncertainty_high_sd_minus_low_sd,-3.620370370833335,12,12,1.0
sub-41,pain,cue_high_minus_low,10.962962962499995,12,12,1.0
sub-41,pain,cue_high_minus_low_stimulus_1,14.055555554166668,6,6,1.0
sub-41,pain,cue_high_minus_low_stimulus_2,7.870370370833325,6,6,1.0
sub-41,pain,cue_high_minus_low_low_sd_high_precision,17.148148148611106,6,6,1.0
sub-41,pain,cue_high_minus_low_stimulus_1_low_sd_high_precision,21.814814814444446,3,3,1.0
sub-41,pain,cue_high_minus_low_stimulus_2_low_sd_high_precision,12.481481482777767,3,3,1.0
sub-41,pain,cue_high_minus_low_high_sd_low_precision,4.7777777763888905,6,6,1.0
sub-41,pain,cue_high_minus_low_stimulus_1_high_sd_low_precision,6.296296293888896,3,3,1.0
sub-41,pain,cue_high_minus_low_stimulus_2_high_sd_low_precision,3.2592592588888842,3,3,1.0
sub-41,pain,cue_effect_high_sd_minus_low_sd,-12.370370372222217,6,6,1.0
sub-41,pain,uncertainty_high_sd_minus_low_sd,-3.472222223055553,12,12,1.0
sub-41,vision,cue_high_minus_low,13.810185185138886,12,12,1.0
sub-41,vision,cue_high_minus_low_stimulus_1,26.12962962944444,6,6,1.0
sub-41,vision,cue_high_minus_low_stimulus_2,1.4907407408333337,6,6,1.0
sub-41,vision,cue_high_minus_low_low_sd_high_precision,19.56481481416667,6,6,1.0
sub-41,vision,cue_high_minus_low_stimulus_1_low_sd_high_precision,32.57407407277778,3,3,1.0
sub-41,vision,cue_high_minus_low_stimulus_2_low_sd_high_precision,6.55555555555556,3,3,1.0
sub-41,vision,cue_high_minus_low_high_sd_low_precision,8.05555555611111,6,6,1.0
sub-41,vision,cue_high_minus_low_stimulus_1_high_sd_low_precision,19.68518518611111,3,3,1.0
sub-41,vision,cue_high_minus_low_stimulus_2_high_sd_low_precision,-3.5740740738888923,3,3,1.0
sub-41,vision,cue_effect_high_sd_minus_low_sd,-11.50925925805556,6,6,1.0
sub-41,vision,uncertainty_high_sd_minus_low_sd,5.449074074861108,12,12,1.0
sub-42,pain,cue_high_minus_low,11.222222221944447,12,12,1.0
sub-42,pain,cue_high_minus_low_stimulus_1,16.444444443888887,6,6,1.0
sub-42,pain,cue_high_minus_low_stimulus_2,6.000000000000003,6,6,1.0
sub-42,pain,cue_high_minus_low_low_sd_high_precision,10.759259258888891,6,6,1.0
sub-42,pain,cue_high_minus_low_stimulus_1_low_sd_high_precision,15.62962962888889,3,3,1.0
sub-42,pain,cue_high_minus_low_stimulus_2_low_sd_high_precision,5.888888888888893,3,3,1.0
sub-42,pain,cue_high_minus_low_high_sd_low_precision,11.685185185,6,6,1.0
sub-42,pain,cue_high_minus_low_stimulus_1_high_sd_low_precision,17.25925925888889,3,3,1.0
sub-42,pain,cue_high_minus_low_stimulus_2_high_sd_low_precision,6.111111111111112,3,3,1.0
sub-42,pain,cue_effect_high_sd_minus_low_sd,0.925925926111109,6,6,1.0
sub-42,pain,uncertainty_high_sd_minus_low_sd,-5.370370370833332,12,12,1.0
sub-42,vision,cue_high_minus_low,8.726851851666666,12,12,1.0
sub-42,vision,cue_high_minus_low_stimulus_1,11.592592592500003,6,6,1.0
sub-42,vision,cue_high_minus_low_stimulus_2,5.861111110833331,6,6,1.0
sub-42,vision,cue_high_minus_low_low_sd_high_precision,11.00925925861111,6,6,1.0
sub-42,vision,cue_high_minus_low_stimulus_1_low_sd_high_precision,11.629629628888893,3,3,1.0
sub-42,vision,cue_high_minus_low_stimulus_2_low_sd_high_precision,10.388888888333328,3,3,1.0
sub-42,vision,cue_high_minus_low_high_sd_low_precision,6.444444444722222,6,6,1.0
sub-42,vision,cue_high_minus_low_stimulus_1_high_sd_low_precision,11.555555556111111,3,3,1.0
sub-42,vision,cue_high_minus_low_stimulus_2_high_sd_low_precision,1.3333333333333333,3,3,1.0
sub-42,vision,cue_effect_high_sd_minus_low_sd,-4.564814813888888,6,6,1.0
sub-42,vision,uncertainty_high_sd_minus_low_sd,-0.06944444416666624,12,12,1.0
sub-43,pain,cue_high_minus_low,8.77777777777778,12,12,1.0
sub-43,pain,cue_high_minus_low_stimulus_1,7.259259258888893,6,6,1.0
sub-43,pain,cue_high_minus_low_stimulus_2,10.296296296666668,6,6,1.0
sub-43,pain,cue_high_minus_low_low_sd_high_precision,7.38888888888889,6,6,1.0
sub-43,pain,cue_high_minus_low_stimulus_1_low_sd_high_precision,8.703703703333337,3,3,1.0
sub-43,pain,cue_high_minus_low_stimulus_2_low_sd_high_precision,6.074074074444442,3,3,1.0
sub-43,pain,cue_high_minus_low_high_sd_low_precision,10.16666666666667,6,6,1.0
sub-43,pain,cue_high_minus_low_stimulus_1_high_sd_low_precision,5.814814814444445,3,3,1.0
sub-43,pain,cue_high_minus_low_stimulus_2_high_sd_low_precision,14.518518518888895,3,3,1.0
sub-43,pain,cue_effect_high_sd_minus_low_sd,2.77777777777778,6,6,1.0
sub-43,pain,uncertainty_high_sd_minus_low_sd,2.7592592594444447,12,12,1.0
sub-43,vision,cue_high_minus_low,4.5648148141666685,12,12,1.0
sub-43,vision,cue_high_minus_low_stimulus_1,7.314814815000003,6,6,1.0
sub-43,vision,cue_high_minus_low_stimulus_2,1.814814813333334,6,6,1.0
sub-43,vision,cue_high_minus_low_low_sd_high_precision,7.870370370000001,6,6,1.0
sub-43,vision,cue_high_minus_low_stimulus_1_low_sd_high_precision,12.29629629666667,3,3,1.0
sub-43,vision,cue_high_minus_low_stimulus_2_low_sd_high_precision,3.4444444433333317,3,3,1.0
sub-43,vision,cue_high_minus_low_high_sd_low_precision,1.259259258333336,6,6,1.0
sub-43,vision,cue_high_minus_low_stimulus_1_high_sd_low_precision,2.3333333333333357,3,3,1.0
sub-43,vision,cue_high_minus_low_stimulus_2_high_sd_low_precision,0.18518518333333608,3,3,1.0
sub-43,vision,cue_effect_high_sd_minus_low_sd,-6.611111111666665,6,6,1.0
sub-43,vision,uncertainty_high_sd_minus_low_sd,1.379629630277778,12,12,1.0
sub-44,pain,cue_high_minus_low,16.31481481527778,12,12,1.0
sub-44,pain,cue_high_minus_low_stimulus_1,15.03703703722222,6,6,1.0
sub-44,pain,cue_high_minus_low_stimulus_2,17.592592593333332,6,6,1.0
sub-44,pain,cue_high_minus_low_low_sd_high_precision,16.879629630277776,6,6,1.0
sub-44,pain,cue_high_minus_low_stimulus_1_low_sd_high_precision,16.129629630555552,3,3,1.0
sub-44,pain,cue_high_minus_low_stimulus_2_low_sd_high_precision,17.62962963,3,3,1.0
sub-44,pain,cue_high_minus_low_high_sd_low_precision,15.750000000277781,6,6,1.0
sub-44,pain,cue_high_minus_low_stimulus_1_high_sd_low_precision,13.94444444388889,3,3,1.0
sub-44,pain,cue_high_minus_low_stimulus_2_high_sd_low_precision,17.55555555666667,3,3,1.0
sub-44,pain,cue_effect_high_sd_minus_low_sd,-1.1296296299999973,6,6,1.0
sub-44,pain,uncertainty_high_sd_minus_low_sd,-2.2499999994444453,12,12,1.0
sub-44,vision,cue_high_minus_low,8.685185185555556,12,12,1.0
sub-44,vision,cue_high_minus_low_stimulus_1,9.388888888888891,6,6,1.0
sub-44,vision,cue_high_minus_low_stimulus_2,7.981481482222223,6,6,1.0
sub-44,vision,cue_high_minus_low_low_sd_high_precision,6.074074074444444,6,6,1.0
sub-44,vision,cue_high_minus_low_stimulus_1_low_sd_high_precision,6.222222221111113,3,3,1.0
sub-44,vision,cue_high_minus_low_stimulus_2_low_sd_high_precision,5.925925927777776,3,3,1.0
sub-44,vision,cue_high_minus_low_high_sd_low_precision,11.296296296666668,6,6,1.0
sub-44,vision,cue_high_minus_low_stimulus_1_high_sd_low_precision,12.555555556666668,3,3,1.0
sub-44,vision,cue_high_minus_low_stimulus_2_high_sd_low_precision,10.03703703666667,3,3,1.0
sub-44,vision,cue_effect_high_sd_minus_low_sd,5.222222222222225,6,6,1.0
sub-44,vision,uncertainty_high_sd_minus_low_sd,0.18518518499999873,12,12,1.0
sub-45,pain,cue_high_minus_low,6.796296296666665,12,12,1.0
sub-45,pain,cue_high_minus_low_stimulus_1,3.296296296111111,6,6,1.0
sub-45,pain,cue_high_minus_low_stimulus_2,10.296296297222222,6,6,1.0
sub-45,pain,cue_high_minus_low_low_sd_high_precision,8.129629629999998,6,6,1.0
sub-45,pain,cue_high_minus_low_stimulus_1_low_sd_high_precision,7.96296296333333,3,3,1.0
sub-45,pain,cue_high_minus_low_stimulus_2_low_sd_high_precision,8.296296296666666,3,3,1.0
sub-45,pain,cue_high_minus_low_high_sd_low_precision,5.462962963333335,6,6,1.0
sub-45,pain,cue_high_minus_low_stimulus_1_high_sd_low_precision,-1.3703703711111075,3,3,1.0
sub-45,pain,cue_high_minus_low_stimulus_2_high_sd_low_precision,12.296296297777777,3,3,1.0
sub-45,pain,cue_effect_high_sd_minus_low_sd,-2.666666666666663,6,6,1.0
sub-45,pain,uncertainty_high_sd_minus_low_sd,4.777777777222224,12,12,1.0
sub-45,vision,cue_high_minus_low,2.814814813472225,12,12,1.0
sub-45,vision,cue_high_minus_low_stimulus_1,7.666666666111112,6,6,1.0
sub-45,vision,cue_high_minus_low_stimulus_2,-2.0370370391666626,6,6,1.0
sub-45,vision,cue_high_minus_low_low_sd_high_precision,2.2592592569444463,6,6,1.0
sub-45,vision,cue_high_minus_low_stimulus_1_low_sd_high_precision,5.907407405555557,3,3,1.0
sub-45,vision,cue_high_minus_low_stimulus_2_low_sd_high_precision,-1.3888888916666648,3,3,1.0
sub-45,vision,cue_high_minus_low_high_sd_low_precision,3.3703703700000034,6,6,1.0
sub-45,vision,cue_high_minus_low_stimulus_1_high_sd_low_precision,9.425925926666666,3,3,1.0
sub-45,vision,cue_high_minus_low_stimulus_2_high_sd_low_precision,-2.68518518666666,3,3,1.0
sub-45,vision,cue_effect_high_sd_minus_low_sd,1.111111113055557,6,6,1.0
sub-45,vision,uncertainty_high_sd_minus_low_sd,-0.805555555138889,12,12,1.0
sub-46,pain,cue_high_minus_low,29.76851851841667,12,12,1.0
sub-46,pain,cue_high_minus_low_stimulus_1,31.574074074611108,6,6,1.0
sub-46,pain,cue_high_minus_low_stimulus_2,27.962962962222225,6,6,1.0
sub-46,pain,cue_high_minus_low_low_sd_high_precision,27.574074074444443,6,6,1.0
sub-46,pain,cue_high_minus_low_stimulus_1_low_sd_high_precision,28.0,3,3,1.0
sub-46,pain,cue_high_minus_low_stimulus_2_low_sd_high_precision,27.14814814888889,3,3,1.0
sub-46,pain,cue_high_minus_low_high_sd_low_precision,31.96296296238889,6,6,1.0
sub-46,pain,cue_high_minus_low_stimulus_1_high_sd_low_precision,35.148148149222216,3,3,1.0
sub-46,pain,cue_high_minus_low_stimulus_2_high_sd_low_precision,28.777777775555563,3,3,1.0
sub-46,pain,cue_effect_high_sd_minus_low_sd,4.388888887944444,6,6,1.0
sub-46,pain,uncertainty_high_sd_minus_low_sd,0.6574074071388916,12,12,1.0
sub-46,vision,cue_high_minus_low,21.509259259444445,12,12,1.0
sub-46,vision,cue_high_minus_low_stimulus_1,20.962962963888888,6,6,1.0
sub-46,vision,cue_high_minus_low_stimulus_2,22.055555554999998,6,6,1.0
sub-46,vision,cue_high_minus_low_low_sd_high_precision,22.018518518333334,6,6,1.0
sub-46,vision,cue_high_minus_low_stimulus_1_low_sd_high_precision,21.85185185222222,3,3,1.0
sub-46,vision,cue_high_minus_low_stimulus_2_low_sd_high_precision,22.185185184444446,3,3,1.0
sub-46,vision,cue_high_minus_low_high_sd_low_precision,21.000000000555556,6,6,1.0
sub-46,vision,cue_high_minus_low_stimulus_1_high_sd_low_precision,20.07407407555556,3,3,1.0
sub-46,vision,cue_high_minus_low_stimulus_2_high_sd_low_precision,21.92592592555555,3,3,1.0
sub-46,vision,cue_effect_high_sd_minus_low_sd,-1.0185185177777782,6,6,1.0
sub-46,vision,uncertainty_high_sd_minus_low_sd,1.324074074444443,12,12,1.0
sub-47,pain,cue_high_minus_low,35.52777777750001,12,12,1.0
sub-47,pain,cue_high_minus_low_stimulus_1,32.870370369999996,6,6,1.0
sub-47,pain,cue_high_minus_low_stimulus_2,38.185185185,6,6,1.0
sub-47,pain,cue_high_minus_low_low_sd_high_precision,40.46296296166667,6,6,1.0
sub-47,pain,cue_high_minus_low_stimulus_1_low_sd_high_precision,42.66666666555556,3,3,1.0
sub-47,pain,cue_high_minus_low_stimulus_2_low_sd_high_precision,38.259259257777785,3,3,1.0
sub-47,pain,cue_high_minus_low_high_sd_low_precision,30.592592593333336,6,6,1.0
sub-47,pain,cue_high_minus_low_stimulus_1_high_sd_low_precision,23.07407407444445,3,3,1.0
sub-47,pain,cue_high_minus_low_stimulus_2_high_sd_low_precision,38.111111112222225,3,3,1.0
sub-47,pain,cue_effect_high_sd_minus_low_sd,-9.870370368333335,6,6,1.0
sub-47,pain,uncertainty_high_sd_minus_low_sd,-3.10185185138889,12,12,1.0
sub-47,vision,cue_high_minus_low,27.66666666638889,12,12,1.0
sub-47,vision,cue_high_minus_low_stimulus_1,23.22222222166667,6,6,1.0
sub-47,vision,cue_high_minus_low_stimulus_2,32.111111111111114,6,6,1.0
sub-47,vision,cue_high_minus_low_low_sd_high_precision,28.962962962222225,6,6,1.0
sub-47,vision,cue_high_minus_low_stimulus_1_low_sd_high_precision,23.92592592555556,3,3,1.0
sub-47,vision,cue_high_minus_low_stimulus_2_low_sd_high_precision,33.99999999888889,3,3,1.0
sub-47,vision,cue_high_minus_low_high_sd_low_precision,26.37037037055556,6,6,1.0
sub-47,vision,cue_high_minus_low_stimulus_1_high_sd_low_precision,22.51851851777778,3,3,1.0
sub-47,vision,cue_high_minus_low_stimulus_2_high_sd_low_precision,30.222222223333333,3,3,1.0
sub-47,vision,cue_effect_high_sd_minus_low_sd,-2.5925925916666706,6,6,1.0
sub-47,vision,uncertainty_high_sd_minus_low_sd,3.5185185186111094,12,12,1.0
sub-48,pain,cue_high_minus_low,16.444444444166667,12,12,1.0
sub-48,pain,cue_high_minus_low_stimulus_1,16.092592593333332,6,6,1.0
sub-48,pain,cue_high_minus_low_stimulus_2,16.796296295,6,6,1.0
sub-48,pain,cue_high_minus_low_low_sd_high_precision,16.092592592777773,6,6,1.0
sub-48,pain,cue_high_minus_low_stimulus_1_low_sd_high_precision,17.666666667777776,3,3,1.0
sub-48,pain,cue_high_minus_low_stimulus_2_low_sd_high_precision,14.518518517777776,3,3,1.0
sub-48,pain,cue_high_minus_low_high_sd_low_precision,16.796296295555553,6,6,1.0
sub-48,pain,cue_high_minus_low_stimulus_1_high_sd_low_precision,14.51851851888889,3,3,1.0
sub-48,pain,cue_high_minus_low_stimulus_2_high_sd_low_precision,19.07407407222222,3,3,1.0
sub-48,pain,cue_effect_high_sd_minus_low_sd,0.7037037027777782,6,6,1.0
sub-48,pain,uncertainty_high_sd_minus_low_sd,3.5925925919444452,12,12,1.0
sub-48,vision,cue_high_minus_low,20.490740739861113,12,12,1.0
sub-48,vision,cue_high_minus_low_stimulus_1,18.981481481388887,6,6,1.0
sub-48,vision,cue_high_minus_low_stimulus_2,21.999999998333333,6,6,1.0
sub-48,vision,cue_high_minus_low_low_sd_high_precision,18.296296295277774,6,6,1.0
sub-48,vision,cue_high_minus_low_stimulus_1_low_sd_high_precision,15.296296297222222,3,3,1.0
sub-48,vision,cue_high_minus_low_stimulus_2_low_sd_high_precision,21.29629629333333,3,3,1.0
sub-48,vision,cue_high_minus_low_high_sd_low_precision,22.685185184444446,6,6,1.0
sub-48,vision,cue_high_minus_low_stimulus_1_high_sd_low_precision,22.666666665555557,3,3,1.0
sub-48,vision,cue_high_minus_low_stimulus_2_high_sd_low_precision,22.703703703333332,3,3,1.0
sub-48,vision,cue_effect_high_sd_minus_low_sd,4.388888889166668,6,6,1.0
sub-48,vision,uncertainty_high_sd_minus_low_sd,-1.0833333334722235,12,12,1.0
sub-50,pain,cue_high_minus_low,6.703703703583334,12,12,1.0
sub-50,pain,cue_high_minus_low_stimulus_1,2.509259258555555,6,6,1.0
sub-50,pain,cue_high_minus_low_stimulus_2,10.898148148611108,6,6,1.0
sub-50,pain,cue_high_minus_low_low_sd_high_precision,5.999999999666667,6,6,1.0
sub-50,pain,cue_high_minus_low_stimulus_1_low_sd_high_precision,-2.9259259262222224,3,3,1.0
sub-50,pain,cue_high_minus_low_stimulus_2_low_sd_high_precision,14.925925925555555,3,3,1.0
sub-50,pain,cue_high_minus_low_high_sd_low_precision,7.407407407499999,6,6,1.0
sub-50,pain,cue_high_minus_low_stimulus_1_high_sd_low_precision,7.944444443333332,3,3,1.0
sub-50,pain,cue_high_minus_low_stimulus_2_high_sd_low_precision,6.870370371666666,3,3,1.0
sub-50,pain,cue_effect_high_sd_minus_low_sd,1.4074074078333318,6,6,1.0
sub-50,pain,uncertainty_high_sd_minus_low_sd,-5.268518519194445,12,12,1.0
sub-50,vision,cue_high_minus_low,0.8935185187500011,12,12,1.0
sub-50,vision,cue_high_minus_low_stimulus_1,2.8333333333333335,6,6,1.0
sub-50,vision,cue_high_minus_low_stimulus_2,-1.046296295833331,6,6,1.0
sub-50,vision,cue_high_minus_low_low_sd_high_precision,3.4444444444444446,6,6,1.0
sub-50,vision,cue_high_minus_low_stimulus_1_low_sd_high_precision,3.6666666666666656,3,3,1.0
sub-50,vision,cue_high_minus_low_stimulus_2_low_sd_high_precision,3.2222222222222237,3,3,1.0
sub-50,vision,cue_high_minus_low_high_sd_low_precision,-1.6574074069444424,6,6,1.0
sub-50,vision,cue_high_minus_low_stimulus_1_high_sd_low_precision,2.0000000000000013,3,3,1.0
sub-50,vision,cue_high_minus_low_stimulus_2_high_sd_low_precision,-5.314814813888886,3,3,1.0
sub-50,vision,cue_effect_high_sd_minus_low_sd,-5.101851851388887,6,6,1.0
sub-50,vision,uncertainty_high_sd_minus_low_sd,-2.0138888884722226,12,12,1.0
