modality,participant,retained_trials,matched_pairs,expected_pairs,complete_coverage
pain,sub-01,71,12,12,True
pain,sub-02,49,11,12,False
pain,sub-03,43,12,12,True
pain,sub-04,48,12,12,True
pain,sub-05,72,12,12,True
pain,sub-06,16,4,12,False
pain,sub-08,72,12,12,True
pain,sub-09,72,12,12,True
pain,sub-10,69,12,12,True
pain,sub-11,72,12,12,True
pain,sub-12,72,12,12,True
pain,sub-13,72,12,12,True
pain,sub-14,71,12,12,True
pain,sub-15,72,12,12,True
pain,sub-16,72,12,12,True
pain,sub-17,72,12,12,True
pain,sub-18,72,12,12,True
pain,sub-20,72,12,12,True
pain,sub-21,72,12,12,True
pain,sub-22,60,12,12,True
pain,sub-23,72,12,12,True
pain,sub-25,48,12,12,True
pain,sub-26,67,12,12,True
pain,sub-27,72,12,12,True
pain,sub-28,72,12,12,True
pain,sub-29,72,12,12,True
pain,sub-31,58,12,12,True
pain,sub-32,72,12,12,True
pain,sub-33,72,12,12,True
pain,sub-34,72,12,12,True
pain,sub-35,65,12,12,True
pain,sub-36,72,12,12,True
pain,sub-37,72,12,12,True
pain,sub-38,48,12,12,True
pain,sub-39,72,12,12,True
pain,sub-40,72,12,12,True
pain,sub-41,69,12,12,True
pain,sub-42,71,12,12,True
pain,sub-43,72,12,12,True
pain,sub-44,70,12,12,True
pain,sub-45,72,12,12,True
pain,sub-46,72,12,12,True
pain,sub-47,72,12,12,True
pain,sub-48,72,12,12,True
pain,sub-50,66,12,12,True
vision,sub-01,70,12,12,True
vision,sub-02,69,12,12,True
vision,sub-03,56,11,12,False
vision,sub-04,48,12,12,True
vision,sub-05,72,12,12,True
vision,sub-06,15,5,12,False
vision,sub-08,70,12,12,True
vision,sub-09,72,12,12,True
vision,sub-10,67,12,12,True
vision,sub-11,72,12,12,True
vision,sub-12,71,12,12,True
vision,sub-13,72,12,12,True
vision,sub-14,72,12,12,True
vision,sub-15,72,12,12,True
vision,sub-16,72,12,12,True
vision,sub-17,72,12,12,True
vision,sub-18,72,12,12,True
vision,sub-20,71,12,12,True
vision,sub-21,72,12,12,True
vision,sub-22,72,12,12,True
vision,sub-23,72,12,12,True
vision,sub-25,45,12,12,True
vision,sub-26,65,12,12,True
vision,sub-27,72,12,12,True
vision,sub-28,72,12,12,True
vision,sub-29,72,12,12,True
vision,sub-31,71,12,12,True
vision,sub-32,72,12,12,True
vision,sub-33,72,12,12,True
vision,sub-34,68,12,12,True
vision,sub-35,63,12,12,True
vision,sub-36,72,12,12,True
vision,sub-37,69,12,12,True
vision,sub-38,47,12,12,True
vision,sub-39,72,12,12,True
vision,sub-40,72,12,12,True
vision,sub-41,65,12,12,True
vision,sub-42,70,12,12,True
vision,sub-43,71,12,12,True
vision,sub-44,72,12,12,True
vision,sub-45,65,12,12,True
vision,sub-46,72,12,12,True
vision,sub-47,71,12,12,True
vision,sub-48,71,12,12,True
vision,sub-50,68,12,12,True
