modality,estimand,participants,mean,median,ci_low,ci_high,matched_contrasts,expected_contrasts,complete_participants
pain,cue_effect_high_sd_minus_low_sd,45,0.2852469129050623,0.44444444294444924,-1.7688287044983346,2.4864917689785164,265,270,43
pain,cue_high_minus_low,45,12.082889075943573,10.962962962499995,9.306051837871811,14.934359451015126,531,540,43
pain,cue_high_minus_low_high_sd_low_precision,45,12.182818929700618,11.148148146944445,9.552214505864292,14.922934670634678,266,270,44
pain,cue_high_minus_low_low_sd_high_precision,45,11.95769547358889,11.500000000000002,8.826918724585322,15.221707819151495,265,270,43
pain,cue_high_minus_low_stimulus_1,45,12.34300411534469,12.851851853888883,9.392155349802703,15.360576132263638,265,270,43
pain,cue_high_minus_low_stimulus_1_high_sd_low_precision,45,12.522222221962961,11.481481481666668,9.72959876502241,15.384372427936976,133,135,44
pain,cue_high_minus_low_stimulus_1_low_sd_high_precision,45,12.087037037525924,12.185185184222226,8.420339507029567,15.752582304756235,132,135,43
pain,cue_high_minus_low_stimulus_2,45,11.817386831148767,10.444444442500002,8.931965020297655,14.871831275640803,266,270,44
pain,cue_high_minus_low_stimulus_2_high_sd_low_precision,45,11.843415637438273,11.962962963333332,8.854110081884414,15.056620369897594,133,135,44
pain,cue_high_minus_low_stimulus_2_low_sd_high_precision,45,11.791358024859258,10.22222222,8.348127572020617,15.27256172858713,133,135,44
pain,uncertainty_high_sd_minus_low_sd,45,0.5293443695259541,0.2407407413055521,-0.7759661430357062,1.8984500094671641,533,540,43
vision,cue_effect_high_sd_minus_low_sd,45,-1.2018930037753088,-1.0185185177777782,-2.7977376542007106,0.41405246955530706,264,270,43
vision,cue_high_minus_low,45,9.932803965420819,9.037037036944442,7.6500465765010395,12.27864328435434,532,540,43
vision,cue_high_minus_low_high_sd_low_precision,45,9.104259259298148,8.70370370388889,6.849305555701389,11.463472222166818,264,270,43
vision,cue_high_minus_low_low_sd_high_precision,45,10.481790123089505,9.981481482222224,7.826543209554476,13.104706789722526,268,270,44
vision,cue_high_minus_low_stimulus_1,45,10.479732510146913,10.379629628611111,7.889290123242221,13.05435442342188,265,270,43
vision,cue_high_minus_low_stimulus_1_high_sd_low_precision,44,9.297769360372477,8.814814815000002,6.697074916359215,11.936447811120582,131,132,43
vision,cue_high_minus_low_stimulus_1_low_sd_high_precision,45,11.349382715753089,9.444444445555554,8.393004114912962,14.371213991283645,134,135,44
vision,cue_high_minus_low_stimulus_2,45,9.423971193234568,8.444444445555558,7.067793209625461,11.895735596771912,267,270,44
vision,cue_high_minus_low_stimulus_2_high_sd_low_precision,45,9.090534979487654,9.074074075555552,6.744403292190743,11.574917695415897,133,135,44
vision,cue_high_minus_low_stimulus_2_low_sd_high_precision,45,9.614197530425924,10.388888888333328,6.849166666137037,12.438693415005245,134,135,44
vision,uncertainty_high_sd_minus_low_sd,45,1.2096296294925923,0.29629629749999903,0.1534146088275152,2.4029835388265437,530,540,43
